incident_id,FacilityName,assigned_cell_id
0,Station 12,352
1,Station 11,250
2,Station 08,270
3,Station 09,296
4,Station 18,355
5,Station 20,220
6,Station 24,228
7,Station 33,501
8,Station 09,296
9,Station 08,270
10,Station 37,80
11,Station 04,430
12,Station 03,326
13,Station 04,430
14,Station 15,432
15,Station 11,250
16,Station 08,270
17,Station 04,430
18,Station 21,350
19,Station 03,326
20,Station 19,249
21,Station 11,250
22,Station 12,352
23,Station 11,250
24,Station 09,296
25,Station 21,350
26,Station 15,432
27,Station 19,249
28,Station 12,352
29,Station 33,501
30,Station 09,296
31,Station 17,223
32,Station 20,220
33,Station 11,250
34,Station 09,296
35,Station 01,329
36,Station 20,220
37,Station 24,228
38,Station 01,329
39,Station 24,228
40,Station 09,296
41,Station 12,352
42,Station 06,375
43,Station 33,501
44,Station 03,326
45,Station 11,250
46,Station 24,228
47,Station 04,430
48,Station 24,228
49,Station 28,435
50,Station 06,375
51,Station 28,435
52,Station 28,435
53,Station 04,430
54,Station 23,177
55,Station 19,249
56,Station 09,296
57,Station 28,435
58,Station 08,270
59,Station 04,430
60,Station 13,224
61,Station 34,47
62,Station 34,47
63,Station 34,47
64,Station 12,352
65,Station 34,47
66,Station 34,47
67,Station 34,47
68,Station 35,542
69,Station 13,224
70,Station 34,47
71,Station 34,47
72,Station 34,47
73,Station 08,270
74,Station 09,296
75,Station 21,350
76,Station 18,355
77,Station 37,80
78,Station 22,439
79,Station 29,386
80,Station 16,270
81,Station 21,350
82,Station 19,249
83,Station 21,350
84,Station 24,228
85,Station 05,296
86,Station 24,228
87,Station 28,435
88,Station 03,326
89,Station 14,354
90,Station 25,276
91,Station 28,435
92,Station 11,250
93,Station 03,326
94,Station 14,354
95,Station 21,350
96,Station 18,355
97,Station 19,249
98,Station 24,228
99,Station 04,430
100,Station 29,386
101,Station 04,430
102,Station 21,350
103,Station 27,318
104,Station 21,350
105,Station 08,270
106,Station 34,47
107,Station 03,326
108,Station 12,352
109,Station 10,345
110,Station 37,80
111,Station 01,329
112,Station 04,430
113,Station 23,177
114,Station 37,80
115,Station 28,435
116,Station 04,430
117,Station 19,249
118,Station 06,375
119,Station 06,375
120,Station 20,220
121,Station 20,220
122,Station 03,326
123,Station 19,249
124,Station 06,375
125,Station 37,80
126,Station 19,249
127,Station 04,430
128,Station 12,352
129,Station 25,276
130,Station 24,228
131,Station 01,329
132,Station 37,80
133,Station 25,276
134,Station 28,435
135,Station 09,296
136,Station 22,439
137,Station 29,386
138,Station 09,296
139,Station 09,296
140,Station 13,224
141,Station 09,296
142,Station 08,270
143,Station 27,318
144,Station 14,354
145,Station 06,375
146,Station 06,375
147,Station 04,430
148,Station 09,296
149,Station 37,80
150,Station 09,296
151,Station 29,386
152,Station 06,375
153,Station 01,329
154,Station 04,430
155,Station 23,177
156,Station 34,47
157,Station 33,501
158,Station 07,149
159,Station 34,47
160,Station 34,47
161,Station 09,296
162,Station 34,47
163,Station 34,47
164,Station 21,350
165,Station 28,435
166,Station 11,250
167,Station 12,352
168,Station 29,386
169,Station 28,435
170,Station 24,228
171,Station 16,270
172,Station 20,220
173,Station 04,430
174,Station 10,345
175,Station 05,296
176,Station 37,80
177,Station 24,228
178,Station 28,435
179,Station 17,223
180,Station 12,352
181,Station 21,350
182,Station 09,296
183,Station 10,345
184,Station 11,250
185,Station 21,350
186,Station 29,386
187,Station 01,329
188,Station 40,534
189,Station 21,350
190,Station 19,249
191,Station 12,352
192,Station 33,501
193,Station 14,354
194,Station 07,149
195,Station 22,439
196,Station 08,270
197,Station 22,439
198,Station 18,355
199,Station 11,250
200,Station 19,249
201,Station 13,224
202,Station 09,296
203,Station 14,354
204,Station 11,250
205,Station 10,345
206,Station 08,270
207,Station 11,250
208,Station 11,250
209,Station 09,296
210,Station 13,224
211,Station 03,326
212,Station 12,352
213,Station 17,223
214,Station 19,249
215,Station 07,149
216,Station 12,352
217,Station 19,249
218,Station 21,350
219,Station 19,249
220,Station 12,352
221,Station 01,329
222,Station 21,350
223,Station 34,47
224,Station 14,354
225,Station 06,375
226,Station 12,352
227,Station 28,435
228,Station 21,350
229,Station 09,296
230,Station 07,149
231,Station 03,326
232,Station 08,270
233,Station 07,149
234,Station 09,296
235,Station 11,250
236,Station 24,228
237,Station 24,228
238,Station 09,296
239,Station 19,249
240,Station 12,352
241,Station 12,352
242,Station 05,296
243,Station 12,352
244,Station 04,430
245,Station 12,352
246,Station 17,223
247,Station 11,250
248,Station 22,439
249,Station 08,270
250,Station 19,249
251,Station 33,501
252,Station 28,435
253,Station 14,354
254,Station 33,501
255,Station 17,223
256,Station 11,250
257,Station 10,345
258,Station 11,250
259,Station 11,250
260,Station 34,47
261,Station 13,224
262,Station 08,270
263,Station 09,296
264,Station 28,435
265,Station 05,296
266,Station 21,350
267,Station 21,350
268,Station 11,250
269,Station 37,80
270,Station 25,276
271,Station 29,386
272,Station 28,435
273,Station 28,435
274,Station 28,435
275,Station 37,80
276,Station 12,352
277,Station 01,329
278,Station 09,296
279,Station 23,177
280,Station 28,435
281,Station 16,270
282,Station 37,80
283,Station 03,326
284,Station 09,296
285,Station 09,296
286,Station 01,329
287,Station 09,296
288,Station 20,220
289,Station 18,355
290,Station 09,296
291,Station 25,276
292,Station 27,318
293,Station 22,439
294,Station 34,47
295,Station 25,276
296,Station 12,352
297,Station 03,326
298,Station 18,355
299,Station 01,329
300,Station 18,355
301,Station 12,352
302,Station 19,249
303,Station 23,177
304,Station 17,223
305,Station 33,501
306,Station 18,355
307,Station 01,329
308,Station 29,386
309,Station 10,345
310,Station 18,355
311,Station 25,276
312,Station 18,355
313,Station 28,435
314,Station 19,249
315,Station 13,224
316,Station 09,296
317,Station 11,250
318,Station 03,326
319,Station 09,296
320,Station 06,375
321,Station 11,250
322,Station 28,435
323,Station 14,354
324,Station 09,296
325,Station 17,223
326,Station 09,296
327,Station 12,352
328,Station 01,329
329,Station 03,326
330,Station 30,188
331,Station 06,375
332,Station 28,435
333,Station 08,270
334,Station 09,296
335,Station 19,249
336,Station 09,296
337,Station 21,350
338,Station 24,228
339,Station 01,329
340,Station 20,220
341,Station 06,375
342,Station 19,249
343,Station 37,80
344,Station 19,249
345,Station 04,430
346,Station 37,80
347,Station 03,326
348,Station 04,430
349,Station 20,220
350,Station 21,350
351,Station 06,375
352,Station 33,501
353,Station 12,352
354,Station 04,430
355,Station 06,375
356,Station 40,534
357,Station 12,352
358,Station 15,432
359,Station 06,375
360,Station 09,296
361,Station 17,223
362,Station 15,432
363,Station 06,375
364,Station 20,220
365,Station 08,270
366,Station 34,47
367,Station 20,220
368,Station 10,345
369,Station 12,352
370,Station 24,228
371,Station 08,270
372,Station 11,250
373,Station 21,350
374,Station 28,435
375,Station 06,375
376,Station 21,350
377,Station 03,326
378,Station 12,352
379,Station 09,296
380,Station 20,220
381,Station 06,375
382,Station 09,296
383,Station 19,249
384,Station 19,249
385,Station 12,352
386,Station 09,296
387,Station 05,296
388,Station 15,432
389,Station 09,296
390,Station 24,228
391,Station 19,249
392,Station 08,270
393,Station 08,270
394,Station 20,220
395,Station 19,249
396,Station 37,80
397,Station 04,430
398,Station 28,435
399,Station 17,223
400,Station 03,326
401,Station 09,296
402,Station 07,149
403,Station 37,80
404,Station 06,375
405,Station 01,329
406,Station 09,296
407,Station 12,352
408,Station 33,501
409,Station 26,452
410,Station 11,250
411,Station 29,386
412,Station 12,352
413,Station 08,270
414,Station 15,432
415,Station 19,249
416,Station 04,430
417,Station 19,249
418,Station 19,249
419,Station 08,270
420,Station 28,435
421,Station 25,276
422,Station 06,375
423,Station 01,329
424,Station 24,228
425,Station 19,249
426,Station 06,375
427,Station 25,276
428,Station 23,177
429,Station 09,296
430,Station 26,452
431,Station 05,296
432,Station 25,276
433,Station 18,355
434,Station 28,435
435,Station 08,270
436,Station 09,296
437,Station 22,439
438,Station 29,386
439,Station 11,250
440,Station 09,296
441,Station 11,250
442,Station 24,228
443,Station 24,228
444,Station 23,177
445,Station 37,80
446,Station 10,345
447,Station 07,149
448,Station 06,375
449,Station 11,250
450,Station 12,352
451,Station 01,329
452,Station 11,250
453,Station 09,296
454,Station 21,350
455,Station 28,435
456,Station 01,329
457,Station 18,355
458,Station 19,249
459,Station 37,80
460,Station 19,249
461,Station 12,352
462,Station 01,329
463,Station 04,430
464,Station 09,296
465,Station 11,250
466,Station 24,228
467,Station 04,430
468,Station 12,352
469,Station 01,329
470,Station 08,270
471,Station 14,354
472,Station 12,352
473,Station 04,430
474,Station 28,435
475,Station 21,350
476,Station 12,352
477,Station 12,352
478,Station 23,177
479,Station 37,80
480,Station 09,296
481,Station 25,276
482,Station 09,296
483,Station 29,386
484,Station 08,270
485,Station 17,223
486,Station 34,47
487,Station 12,352
488,Station 12,352
489,Station 19,249
490,Station 09,296
491,Station 08,270
492,Station 04,430
493,Station 11,250
494,Station 22,439
495,Station 37,80
496,Station 19,249
497,Station 37,80
498,Station 11,250
499,Station 19,249
500,Station 08,270
501,Station 11,250
502,Station 05,296
503,Station 27,318
504,Station 12,352
505,Station 25,276
506,Station 12,352
507,Station 37,80
508,Station 37,80
509,Station 18,355
510,Station 11,250
511,Station 37,80
512,Station 28,435
513,Station 39,362
514,Station 25,276
515,Station 11,250
516,Station 11,250
517,Station 09,296
518,Station 33,501
519,Station 24,228
520,Station 37,80
521,Station 22,439
522,Station 33,501
523,Station 17,223
524,Station 20,220
525,Station 21,350
526,Station 04,430
527,Station 19,249
528,Station 05,296
529,Station 11,250
530,Station 10,345
531,Station 01,329
532,Station 06,375
533,Station 04,430
534,Station 27,318
535,Station 14,354
536,Station 28,435
537,Station 15,432
538,Station 24,228
539,Station 33,501
540,Station 20,220
541,Station 08,270
542,Station 07,149
543,Station 07,149
544,Station 04,430
545,Station 19,249
546,Station 15,432
547,Station 11,250
548,Station 11,250
549,Station 08,270
550,Station 20,220
551,Station 09,296
552,Station 11,250
553,Station 12,352
554,Station 08,270
555,Station 07,149
556,Station 28,435
557,Station 29,386
558,Station 33,501
559,Station 01,329
560,Station 09,296
561,Station 15,432
562,Station 01,329
563,Station 08,270
564,Station 06,375
565,Station 21,350
566,Station 09,296
567,Station 13,224
568,Station 06,375
569,Station 11,250
570,Station 04,430
571,Station 17,223
572,Station 04,430
573,Station 01,329
574,Station 19,249
575,Station 17,223
576,Station 10,345
577,Station 28,435
578,Station 15,432
579,Station 09,296
580,Station 04,430
581,Station 24,228
582,Station 11,250
583,Station 25,276
584,Station 16,270
585,Station 14,354
586,Station 21,350
587,Station 21,350
588,Station 11,250
589,Station 09,296
590,Station 13,224
591,Station 04,430
592,Station 11,250
593,Station 12,352
594,Station 14,354
595,Station 08,270
596,Station 16,270
597,Station 08,270
598,Station 29,386
599,Station 09,296
600,Station 01,329
601,Station 03,326
602,Station 14,354
603,Station 33,501
604,Station 24,228
605,Station 09,296
606,Station 01,329
607,Station 20,220
608,Station 21,350
609,Station 16,270
610,Station 09,296
611,Station 28,435
612,Station 19,249
613,Station 19,249
614,Station 33,501
615,Station 24,228
616,Station 28,435
617,Station 17,223
618,Station 09,296
619,Station 11,250
620,Station 09,296
621,Station 25,276
622,Station 25,276
623,Station 12,352
624,Station 18,355
625,Station 11,250
626,Station 09,296
627,Station 12,352
628,Station 12,352
629,Station 09,296
630,Station 09,296
631,Station 09,296
632,Station 09,296
633,Station 04,430
634,Station 08,270
635,Station 19,249
636,Station 24,228
637,Station 09,296
638,Station 12,352
639,Station 08,270
640,Station 17,223
641,Station 12,352
642,Station 20,220
643,Station 10,345
644,Station 21,350
645,Station 09,296
646,Station 17,223
647,Station 24,228
648,Station 28,435
649,Station 28,435
650,Station 18,355
651,Station 09,296
652,Station 24,228
653,Station 09,296
654,Station 08,270
655,Station 08,270
656,Station 25,276
657,Station 24,228
658,Station 34,47
659,Station 12,352
660,Station 19,249
661,Station 16,270
662,Station 04,430
663,Station 27,318
664,Station 09,296
665,Station 04,430
666,Station 25,276
667,Station 01,329
668,Station 12,352
669,Station 12,352
670,Station 21,350
671,Station 04,430
672,Station 33,501
673,Station 12,352
674,Station 09,296
675,Station 09,296
676,Station 11,250
677,Station 12,352
678,Station 12,352
679,Station 16,270
680,Station 06,375
681,Station 12,352
682,Station 21,350
683,Station 15,432
684,Station 12,352
685,Station 12,352
686,Station 37,80
687,Station 01,329
688,Station 12,352
689,Station 03,326
690,Station 12,352
691,Station 08,270
692,Station 05,296
693,Station 28,435
694,Station 07,149
695,Station 14,354
696,Station 28,435
697,Station 12,352
698,Station 08,270
699,Station 01,329
700,Station 13,224
701,Station 19,249
702,Station 11,250
703,Station 07,149
704,Station 10,345
705,Station 05,296
706,Station 33,501
707,Station 23,177
708,Station 33,501
709,Station 03,326
710,Station 12,352
711,Station 03,326
712,Station 19,249
713,Station 16,270
714,Station 09,296
715,Station 11,250
716,Station 20,220
717,Station 19,249
718,Station 09,296
719,Station 06,375
720,Station 16,270
721,Station 20,220
722,Station 19,249
723,Station 23,177
724,Station 19,249
725,Station 24,228
726,Station 12,352
727,Station 20,220
728,Station 08,270
729,Station 11,250
730,Station 11,250
731,Station 08,270
732,Station 15,432
733,Station 11,250
734,Station 17,223
735,Station 06,375
736,Station 23,177
737,Station 04,430
738,Station 09,296
739,Station 09,296
740,Station 09,296
741,Station 17,223
742,Station 07,149
743,Station 19,249
744,Station 27,318
745,Station 21,350
746,Station 12,352
747,Station 39,362
748,Station 14,354
749,Station 01,329
750,Station 33,501
751,Station 21,350
752,Station 12,352
753,Station 23,177
754,Station 06,375
755,Station 23,177
756,Station 21,350
757,Station 24,228
758,Station 12,352
759,Station 12,352
760,Station 04,430
761,Station 12,352
762,Station 12,352
763,Station 08,270
764,Station 07,149
765,Station 16,270
766,Station 05,296
767,Station 16,270
768,Station 21,350
769,Station 16,270
770,Station 05,296
771,Station 11,250
772,Station 17,223
773,Station 08,270
774,Station 27,318
775,Station 19,249
776,Station 19,249
777,Station 04,430
778,Station 17,223
779,Station 01,329
780,Station 15,432
781,Station 09,296
782,Station 09,296
783,Station 06,375
784,Station 09,296
785,Station 11,250
786,Station 12,352
787,Station 28,435
788,Station 06,375
789,Station 20,220
790,Station 19,249
791,Station 20,220
792,Station 16,270
793,Station 09,296
794,Station 09,296
795,Station 09,296
796,Station 19,249
797,Station 09,296
798,Station 19,249
799,Station 13,224
800,Station 12,352
801,Station 20,220
802,Station 20,220
803,Station 08,270
804,Station 17,223
805,Station 05,296
806,Station 19,249
807,Station 29,386
808,Station 34,47
809,Station 17,223
810,Station 25,276
811,Station 27,318
812,Station 21,350
813,Station 37,80
814,Station 11,250
815,Station 14,354
816,Station 08,270
817,Station 08,270
818,Station 16,270
819,Station 21,350
820,Station 09,296
821,Station 34,47
822,Station 34,47
823,Station 21,350
824,Station 11,250
825,Station 01,329
826,Station 21,350
827,Station 22,439
828,Station 09,296
829,Station 11,250
830,Station 25,276
831,Station 12,352
832,Station 20,220
833,Station 01,329
834,Station 16,270
835,Station 04,430
836,Station 09,296
837,Station 04,430
838,Station 21,350
839,Station 21,350
840,Station 12,352
841,Station 11,250
842,Station 11,250
843,Station 09,296
844,Station 09,296
845,Station 37,80
846,Station 28,435
847,Station 14,354
848,Station 14,354
849,Station 27,318
850,Station 10,345
851,Station 09,296
852,Station 08,270
853,Station 01,329
854,Station 25,276
855,Station 28,435
856,Station 29,386
857,Station 29,386
858,Station 06,375
859,Station 20,220
860,Station 12,352
861,Station 07,149
862,Station 37,80
863,Station 12,352
864,Station 28,435
865,Station 04,430
866,Station 28,435
867,Station 01,329
868,Station 21,350
869,Station 12,352
870,Station 11,250
871,Station 19,249
872,Station 09,296
873,Station 09,296
874,Station 03,326
875,Station 12,352
876,Station 23,177
877,Station 14,354
878,Station 12,352
879,Station 14,354
880,Station 21,350
881,Station 34,47
882,Station 19,249
883,Station 19,249
884,Station 24,228
885,Station 18,355
886,Station 24,228
887,Station 16,270
888,Station 16,270
889,Station 24,228
890,Station 33,501
891,Station 25,276
892,Station 03,326
893,Station 23,177
894,Station 25,276
895,Station 09,296
896,Station 21,350
897,Station 01,329
898,Station 39,362
899,Station 23,177
900,Station 33,501
901,Station 24,228
902,Station 08,270
903,Station 33,501
904,Station 11,250
905,Station 13,224
906,Station 07,149
907,Station 27,318
908,Station 25,276
909,Station 22,439
910,Station 28,435
911,Station 13,224
912,Station 09,296
913,Station 09,296
914,Station 17,223
915,Station 05,296
916,Station 27,318
917,Station 16,270
918,Station 05,296
919,Station 08,270
920,Station 13,224
921,Station 11,250
922,Station 03,326
923,Station 11,250
924,Station 19,249
925,Station 06,375
926,Station 11,250
927,Station 28,435
928,Station 08,270
929,Station 19,249
930,Station 25,276
931,Station 05,296
932,Station 09,296
933,Station 28,435
934,Station 14,354
935,Station 09,296
936,Station 09,296
937,Station 01,329
938,Station 25,276
939,Station 06,375
940,Station 27,318
941,Station 08,270
942,Station 12,352
943,Station 18,355
944,Station 09,296
945,Station 09,296
946,Station 01,329
947,Station 11,250
948,Station 12,352
949,Station 24,228
950,Station 09,296
951,Station 11,250
952,Station 08,270
953,Station 09,296
954,Station 16,270
955,Station 19,249
956,Station 09,296
957,Station 07,149
958,Station 06,375
959,Station 19,249
960,Station 23,177
961,Station 03,326
962,Station 12,352
963,Station 09,296
964,Station 09,296
965,Station 10,345
966,Station 11,250
967,Station 19,249
968,Station 04,430
969,Station 06,375
970,Station 09,296
971,Station 05,296
972,Station 09,296
973,Station 17,223
974,Station 19,249
975,Station 09,296
976,Station 09,296
977,Station 06,375
978,Station 09,296
979,Station 21,350
980,Station 28,435
981,Station 03,326
982,Station 28,435
983,Station 12,352
984,Station 19,249
985,Station 09,296
986,Station 09,296
987,Station 09,296
988,Station 33,501
989,Station 25,276
990,Station 27,318
991,Station 24,228
992,Station 09,296
993,Station 25,276
994,Station 24,228
995,Station 01,329
996,Station 25,276
997,Station 06,375
998,Station 10,345
999,Station 11,250
1000,Station 05,296
1001,Station 09,296
1002,Station 21,350
1003,Station 08,270
1004,Station 20,220
1005,Station 17,223
1006,Station 25,276
1007,Station 19,249
1008,Station 01,329
1009,Station 04,430
1010,Station 04,430
1011,Station 23,177
1012,Station 05,296
1013,Station 21,350
1014,Station 04,430
1015,Station 16,270
1016,Station 21,350
1017,Station 09,296
1018,Station 19,249
1019,Station 12,352
1020,Station 06,375
1021,Station 12,352
1022,Station 28,435
1023,Station 11,250
1024,Station 12,352
1025,Station 20,220
1026,Station 18,355
1027,Station 09,296
1028,Station 21,350
1029,Station 19,249
1030,Station 07,149
1031,Station 11,250
1032,Station 26,452
1033,Station 11,250
1034,Station 03,326
1035,Station 11,250
1036,Station 12,352
1037,Station 14,354
1038,Station 14,354
1039,Station 28,435
1040,Station 21,350
1041,Station 11,250
1042,Station 37,80
1043,Station 23,177
1044,Station 12,352
1045,Station 19,249
1046,Station 19,249
1047,Station 13,224
1048,Station 20,220
1049,Station 33,501
1050,Station 34,47
1051,Station 28,435
1052,Station 28,435
1053,Station 06,375
1054,Station 12,352
1055,Station 01,329
1056,Station 21,350
1057,Station 23,177
1058,Station 37,80
1059,Station 21,350
1060,Station 13,224
1061,Station 33,501
1062,Station 28,435
1063,Station 11,250
1064,Station 21,350
1065,Station 19,249
1066,Station 16,270
1067,Station 07,149
1068,Station 04,430
1069,Station 20,220
1070,Station 20,220
1071,Station 20,220
1072,Station 37,80
1073,Station 11,250
1074,Station 09,296
1075,Station 11,250
1076,Station 37,80
1077,Station 06,375
1078,Station 09,296
1079,Station 09,296
1080,Station 11,250
1081,Station 09,296
1082,Station 19,249
1083,Station 08,270
1084,Station 04,430
1085,Station 11,250
1086,Station 23,177
1087,Station 12,352
1088,Station 22,439
1089,Station 33,501
1090,Station 23,177
1091,Station 17,223
1092,Station 28,435
1093,Station 15,432
1094,Station 28,435
1095,Station 25,276
1096,Station 09,296
1097,Station 08,270
1098,Station 14,354
1099,Station 07,149
1100,Station 25,276
1101,Station 06,375
1102,Station 20,220
1103,Station 19,249
1104,Station 16,270
1105,Station 21,350
1106,Station 24,228
1107,Station 28,435
1108,Station 33,501
1109,Station 17,223
1110,Station 06,375
1111,Station 12,352
1112,Station 19,249
1113,Station 08,270
1114,Station 01,329
1115,Station 09,296
1116,Station 37,80
1117,Station 11,250
1118,Station 09,296
1119,Station 22,439
1120,Station 09,296
1121,Station 08,270
1122,Station 19,249
1123,Station 18,355
1124,Station 28,435
1125,Station 09,296
1126,Station 12,352
1127,Station 16,270
1128,Station 17,223
1129,Station 07,149
1130,Station 28,435
1131,Station 09,296
1132,Station 25,276
1133,Station 09,296
1134,Station 25,276
1135,Station 23,177
1136,Station 23,177
1137,Station 37,80
1138,Station 19,249
1139,Station 23,177
1140,Station 15,432
1141,Station 17,223
1142,Station 18,355
1143,Station 23,177
1144,Station 01,329
1145,Station 01,329
1146,Station 27,318
1147,Station 21,350
1148,Station 08,270
1149,Station 34,47
1150,Station 06,375
1151,Station 27,318
1152,Station 09,296
1153,Station 24,228
1154,Station 24,228
1155,Station 33,501
1156,Station 28,435
1157,Station 01,329
1158,Station 01,329
1159,Station 29,386
1160,Station 05,296
1161,Station 09,296
1162,Station 08,270
1163,Station 12,352
1164,Station 17,223
1165,Station 14,354
1166,Station 22,439
1167,Station 06,375
1168,Station 24,228
1169,Station 25,276
1170,Station 16,270
1171,Station 11,250
1172,Station 14,354
1173,Station 09,296
1174,Station 06,375
1175,Station 11,250
1176,Station 10,345
1177,Station 01,329
1178,Station 24,228
1179,Station 15,432
1180,Station 33,501
1181,Station 21,350
1182,Station 09,296
1183,Station 04,430
1184,Station 01,329
1185,Station 23,177
1186,Station 34,47
1187,Station 14,354
1188,Station 23,177
1189,Station 09,296
1190,Station 24,228
1191,Station 05,296
1192,Station 05,296
1193,Station 21,350
1194,Station 04,430
1195,Station 13,224
1196,Station 06,375
1197,Station 09,296
1198,Station 28,435
1199,Station 19,249
1200,Station 37,80
1201,Station 12,352
1202,Station 22,439
1203,Station 12,352
1204,Station 09,296
1205,Station 12,352
1206,Station 20,220
1207,Station 19,249
1208,Station 17,223
1209,Station 09,296
1210,Station 11,250
1211,Station 25,276
1212,Station 12,352
1213,Station 24,228
1214,Station 04,430
1215,Station 06,375
1216,Station 08,270
1217,Station 21,350
1218,Station 33,501
1219,Station 14,354
1220,Station 06,375
1221,Station 11,250
1222,Station 01,329
1223,Station 09,296
1224,Station 04,430
1225,Station 20,220
1226,Station 12,352
1227,Station 28,435
1228,Station 09,296
1229,Station 12,352
1230,Station 09,296
1231,Station 33,501
1232,Station 14,354
1233,Station 09,296
1234,Station 09,296
1235,Station 28,435
1236,Station 27,318
1237,Station 28,435
1238,Station 03,326
1239,Station 17,223
1240,Station 03,326
1241,Station 12,352
1242,Station 24,228
1243,Station 16,270
1244,Station 09,296
1245,Station 25,276
1246,Station 28,435
1247,Station 24,228
1248,Station 28,435
1249,Station 24,228
1250,Station 19,249
1251,Station 11,250
1252,Station 09,296
1253,Station 08,270
1254,Station 24,228
1255,Station 12,352
1256,Station 06,375
1257,Station 37,80
1258,Station 21,350
1259,Station 19,249
1260,Station 09,296
1261,Station 19,249
1262,Station 20,220
1263,Station 12,352
1264,Station 06,375
1265,Station 07,149
1266,Station 09,296
1267,Station 12,352
1268,Station 04,430
1269,Station 09,296
1270,Station 19,249
1271,Station 29,386
1272,Station 08,270
1273,Station 04,430
1274,Station 12,352
1275,Station 09,296
1276,Station 23,177
1277,Station 09,296
1278,Station 09,296
1279,Station 11,250
1280,Station 33,501
1281,Station 09,296
1282,Station 11,250
1283,Station 28,435
1284,Station 19,249
1285,Station 09,296
1286,Station 34,47
1287,Station 09,296
1288,Station 09,296
1289,Station 28,435
1290,Station 08,270
1291,Station 28,435
1292,Station 21,350
1293,Station 12,352
1294,Station 09,296
1295,Station 09,296
1296,Station 21,350
1297,Station 08,270
1298,Station 09,296
1299,Station 09,296
1300,Station 18,355
1301,Station 33,501
1302,Station 12,352
1303,Station 05,296
1304,Station 33,501
1305,Station 21,350
1306,Station 09,296
1307,Station 09,296
1308,Station 09,296
1309,Station 29,386
1310,Station 11,250
1311,Station 17,223
1312,Station 06,375
1313,Station 09,296
1314,Station 09,296
1315,Station 09,296
1316,Station 19,249
1317,Station 15,432
1318,Station 28,435
1319,Station 21,350
1320,Station 11,250
1321,Station 20,220
1322,Station 04,430
1323,Station 33,501
1324,Station 09,296
1325,Station 09,296
1326,Station 01,329
1327,Station 09,296
1328,Station 28,435
1329,Station 09,296
1330,Station 12,352
1331,Station 05,296
1332,Station 09,296
1333,Station 14,354
1334,Station 05,296
1335,Station 33,501
1336,Station 09,296
1337,Station 21,350
1338,Station 09,296
1339,Station 25,276
1340,Station 06,375
1341,Station 05,296
1342,Station 12,352
1343,Station 24,228
1344,Station 27,318
1345,Station 08,270
1346,Station 19,249
1347,Station 04,430
1348,Station 08,270
1349,Station 12,352
1350,Station 04,430
1351,Station 06,375
1352,Station 15,432
1353,Station 04,430
1354,Station 24,228
1355,Station 21,350
1356,Station 08,270
1357,Station 09,296
1358,Station 09,296
1359,Station 18,355
1360,Station 37,80
1361,Station 20,220
1362,Station 26,452
1363,Station 05,296
1364,Station 11,250
1365,Station 08,270
1366,Station 27,318
1367,Station 20,220
1368,Station 03,326
1369,Station 09,296
1370,Station 24,228
1371,Station 04,430
1372,Station 09,296
1373,Station 03,326
1374,Station 14,354
1375,Station 28,435
1376,Station 04,430
1377,Station 09,296
1378,Station 37,80
1379,Station 19,249
1380,Station 05,296
1381,Station 18,355
1382,Station 01,329
1383,Station 01,329
1384,Station 24,228
1385,Station 08,270
1386,Station 07,149
1387,Station 21,350
1388,Station 11,250
1389,Station 24,228
1390,Station 06,375
1391,Station 25,276
1392,Station 04,430
1393,Station 16,270
1394,Station 37,80
1395,Station 23,177
1396,Station 24,228
1397,Station 21,350
1398,Station 08,270
1399,Station 09,296
1400,Station 18,355
1401,Station 03,326
1402,Station 21,350
1403,Station 18,355
1404,Station 18,355
1405,Station 11,250
1406,Station 15,432
1407,Station 11,250
1408,Station 11,250
1409,Station 16,270
1410,Station 09,296
1411,Station 28,435
1412,Station 33,501
1413,Station 19,249
1414,Station 09,296
1415,Station 11,250
1416,Station 18,355
1417,Station 05,296
1418,Station 13,224
1419,Station 01,329
1420,Station 09,296
1421,Station 09,296
1422,Station 03,326
1423,Station 20,220
1424,Station 14,354
1425,Station 37,80
1426,Station 19,249
1427,Station 21,350
1428,Station 14,354
1429,Station 20,220
1430,Station 11,250
1431,Station 23,177
1432,Station 26,452
1433,Station 28,435
1434,Station 21,350
1435,Station 19,249
1436,Station 22,439
1437,Station 34,47
1438,Station 19,249
1439,Station 21,350
1440,Station 08,270
1441,Station 37,80
1442,Station 12,352
1443,Station 10,345
1444,Station 01,329
1445,Station 08,270
1446,Station 14,354
1447,Station 33,501
1448,Station 04,430
1449,Station 04,430
1450,Station 06,375
1451,Station 33,501
1452,Station 01,329
1453,Station 24,228
1454,Station 28,435
1455,Station 20,220
1456,Station 21,350
1457,Station 20,220
1458,Station 06,375
1459,Station 14,354
1460,Station 25,276
1461,Station 18,355
1462,Station 37,80
1463,Station 09,296
1464,Station 27,318
1465,Station 06,375
1466,Station 29,386
1467,Station 05,296
1468,Station 19,249
1469,Station 14,354
1470,Station 25,276
1471,Station 18,355
1472,Station 01,329
1473,Station 12,352
1474,Station 15,432
1475,Station 11,250
1476,Station 05,296
1477,Station 34,47
1478,Station 06,375
1479,Station 04,430
1480,Station 04,430
1481,Station 08,270
1482,Station 25,276
1483,Station 12,352
1484,Station 01,329
1485,Station 28,435
1486,Station 12,352
1487,Station 12,352
1488,Station 12,352
1489,Station 25,276
1490,Station 03,326
1491,Station 19,249
1492,Station 18,355
1493,Station 09,296
1494,Station 19,249
1495,Station 16,270
1496,Station 01,329
1497,Station 12,352
1498,Station 01,329
1499,Station 12,352
1500,Station 11,250
1501,Station 06,375
1502,Station 06,375
1503,Station 14,354
1504,Station 20,220
1505,Station 06,375
1506,Station 33,501
1507,Station 28,435
1508,Station 34,47
1509,Station 24,228
1510,Station 29,386
1511,Station 09,296
1512,Station 28,435
1513,Station 15,432
1514,Station 08,270
1515,Station 17,223
1516,Station 09,296
1517,Station 11,250
1518,Station 21,350
1519,Station 24,228
1520,Station 21,350
1521,Station 04,430
1522,Station 12,352
1523,Station 25,276
1524,Station 09,296
1525,Station 13,224
1526,Station 25,276
1527,Station 12,352
1528,Station 25,276
1529,Station 07,149
1530,Station 06,375
1531,Station 09,296
1532,Station 28,435
1533,Station 09,296
1534,Station 11,250
1535,Station 09,296
1536,Station 12,352
1537,Station 12,352
1538,Station 21,350
1539,Station 15,432
1540,Station 29,386
1541,Station 01,329
1542,Station 19,249
1543,Station 12,352
1544,Station 33,501
1545,Station 09,296
1546,Station 28,435
1547,Station 20,220
1548,Station 10,345
1549,Station 09,296
1550,Station 14,354
1551,Station 14,354
1552,Station 09,296
1553,Station 27,318
1554,Station 09,296
1555,Station 09,296
1556,Station 33,501
1557,Station 09,296
1558,Station 33,501
1559,Station 28,435
1560,Station 09,296
1561,Station 21,350
1562,Station 12,352
1563,Station 21,350
1564,Station 03,326
1565,Station 14,354
1566,Station 12,352
1567,Station 11,250
1568,Station 11,250
1569,Station 01,329
1570,Station 11,250
1571,Station 09,296
1572,Station 05,296
1573,Station 14,354
1574,Station 24,228
1575,Station 01,329
1576,Station 17,223
1577,Station 06,375
1578,Station 11,250
1579,Station 08,270
1580,Station 09,296
1581,Station 09,296
1582,Station 01,329
1583,Station 37,80
1584,Station 37,80
1585,Station 18,355
1586,Station 37,80
1587,Station 11,250
1588,Station 33,501
1589,Station 11,250
1590,Station 21,350
1591,Station 23,177
1592,Station 09,296
1593,Station 21,350
1594,Station 33,501
1595,Station 10,345
1596,Station 37,80
1597,Station 09,296
1598,Station 06,375
1599,Station 01,329
1600,Station 27,318
1601,Station 08,270
1602,Station 20,220
1603,Station 08,270
1604,Station 19,249
1605,Station 37,80
1606,Station 22,439
1607,Station 04,430
1608,Station 25,276
1609,Station 29,386
1610,Station 19,249
1611,Station 28,435
1612,Station 19,249
1613,Station 21,350
1614,Station 08,270
1615,Station 34,47
1616,Station 37,80
1617,Station 37,80
1618,Station 21,350
1619,Station 23,177
1620,Station 01,329
1621,Station 20,220
1622,Station 24,228
1623,Station 19,249
1624,Station 14,354
1625,Station 20,220
1626,Station 04,430
1627,Station 19,249
1628,Station 12,352
1629,Station 11,250
1630,Station 08,270
1631,Station 09,296
1632,Station 18,355
1633,Station 27,318
1634,Station 21,350
1635,Station 13,224
1636,Station 08,270
1637,Station 01,329
1638,Station 15,432
1639,Station 04,430
1640,Station 09,296
1641,Station 17,223
1642,Station 04,430
1643,Station 28,435
1644,Station 20,220
1645,Station 23,177
1646,Station 08,270
1647,Station 25,276
1648,Station 08,270
1649,Station 07,149
1650,Station 12,352
1651,Station 04,430
1652,Station 08,270
1653,Station 37,80
1654,Station 09,296
1655,Station 20,220
1656,Station 19,249
1657,Station 14,354
1658,Station 23,177
1659,Station 20,220
1660,Station 07,149
1661,Station 22,439
1662,Station 06,375
1663,Station 29,386
1664,Station 09,296
1665,Station 18,355
1666,Station 04,430
1667,Station 19,249
1668,Station 13,224
1669,Station 10,345
1670,Station 19,249
1671,Station 12,352
1672,Station 08,270
1673,Station 37,80
1674,Station 14,354
1675,Station 33,501
1676,Station 33,501
1677,Station 13,224
1678,Station 39,362
1679,Station 19,249
1680,Station 16,270
1681,Station 22,439
1682,Station 09,296
1683,Station 21,350
1684,Station 19,249
1685,Station 24,228
1686,Station 11,250
1687,Station 12,352
1688,Station 12,352
1689,Station 19,249
1690,Station 28,435
1691,Station 06,375
1692,Station 19,249
1693,Station 07,149
1694,Station 24,228
1695,Station 23,177
1696,Station 12,352
1697,Station 01,329
1698,Station 11,250
1699,Station 16,270
1700,Station 03,326
1701,Station 01,329
1702,Station 14,354
1703,Station 28,435
1704,Station 20,220
1705,Station 09,296
1706,Station 09,296
1707,Station 09,296
1708,Station 09,296
1709,Station 24,228
1710,Station 12,352
1711,Station 12,352
1712,Station 05,296
1713,Station 12,352
1714,Station 21,350
1715,Station 19,249
1716,Station 11,250
1717,Station 05,296
1718,Station 11,250
1719,Station 12,352
1720,Station 09,296
1721,Station 21,350
1722,Station 21,350
1723,Station 19,249
1724,Station 01,329
1725,Station 06,375
1726,Station 09,296
1727,Station 09,296
1728,Station 24,228
1729,Station 12,352
1730,Station 19,249
1731,Station 18,355
1732,Station 11,250
1733,Station 12,352
1734,Station 19,249
1735,Station 28,435
1736,Station 21,350
1737,Station 03,326
1738,Station 13,224
1739,Station 04,430
1740,Station 03,326
1741,Station 09,296
1742,Station 04,430
1743,Station 12,352
1744,Station 09,296
1745,Station 09,296
1746,Station 09,296
1747,Station 03,326
1748,Station 03,326
1749,Station 01,329
1750,Station 29,386
1751,Station 19,249
1752,Station 11,250
1753,Station 11,250
1754,Station 03,326
1755,Station 04,430
1756,Station 25,276
1757,Station 11,250
1758,Station 19,249
1759,Station 11,250
1760,Station 22,439
1761,Station 01,329
1762,Station 20,220
1763,Station 20,220
1764,Station 09,296
1765,Station 09,296
1766,Station 03,326
1767,Station 09,296
1768,Station 24,228
1769,Station 13,224
1770,Station 12,352
1771,Station 13,224
1772,Station 12,352
1773,Station 04,430
1774,Station 14,354
1775,Station 12,352
1776,Station 18,355
1777,Station 09,296
1778,Station 04,430
1779,Station 09,296
1780,Station 12,352
1781,Station 24,228
1782,Station 12,352
1783,Station 29,386
1784,Station 09,296
1785,Station 09,296
1786,Station 12,352
1787,Station 12,352
1788,Station 19,249
1789,Station 25,276
1790,Station 09,296
1791,Station 09,296
1792,Station 21,350
1793,Station 28,435
1794,Station 01,329
1795,Station 09,296
1796,Station 09,296
1797,Station 13,224
1798,Station 06,375
1799,Station 19,249
1800,Station 06,375
1801,Station 03,326
1802,Station 19,249
1803,Station 19,249
1804,Station 01,329
1805,Station 11,250
1806,Station 20,220
1807,Station 09,296
1808,Station 09,296
1809,Station 12,352
1810,Station 04,430
1811,Station 23,177
1812,Station 19,249
1813,Station 09,296
1814,Station 12,352
1815,Station 09,296
1816,Station 19,249
1817,Station 18,355
1818,Station 01,329
1819,Station 16,270
1820,Station 12,352
1821,Station 01,329
1822,Station 09,296
1823,Station 09,296
1824,Station 12,352
1825,Station 09,296
1826,Station 19,249
1827,Station 20,220
1828,Station 09,296
1829,Station 08,270
1830,Station 12,352
1831,Station 09,296
1832,Station 28,435
1833,Station 21,350
1834,Station 09,296
1835,Station 17,223
1836,Station 12,352
1837,Station 11,250
1838,Station 16,270
1839,Station 09,296
1840,Station 17,223
1841,Station 09,296
1842,Station 09,296
1843,Station 09,296
1844,Station 21,350
1845,Station 09,296
1846,Station 01,329
1847,Station 12,352
1848,Station 01,329
1849,Station 17,223
1850,Station 20,220
1851,Station 15,432
1852,Station 33,501
1853,Station 28,435
1854,Station 28,435
1855,Station 21,350
1856,Station 01,329
1857,Station 03,326
1858,Station 19,249
1859,Station 17,223
1860,Station 04,430
1861,Station 25,276
1862,Station 29,386
1863,Station 21,350
1864,Station 06,375
1865,Station 12,352
1866,Station 04,430
1867,Station 25,276
1868,Station 11,250
1869,Station 29,386
1870,Station 28,435
1871,Station 21,350
1872,Station 01,329
1873,Station 12,352
1874,Station 19,249
1875,Station 09,296
1876,Station 19,249
1877,Station 07,149
1878,Station 18,355
1879,Station 19,249
1880,Station 28,435
1881,Station 26,452
1882,Station 11,250
1883,Station 20,220
1884,Station 19,249
1885,Station 33,501
1886,Station 12,352
1887,Station 37,80
1888,Station 07,149
1889,Station 37,80
1890,Station 24,228
1891,Station 11,250
1892,Station 09,296
1893,Station 28,435
1894,Station 09,296
1895,Station 09,296
1896,Station 12,352
1897,Station 17,223
1898,Station 04,430
1899,Station 28,435
1900,Station 01,329
1901,Station 24,228
1902,Station 12,352
1903,Station 17,223
1904,Station 08,270
1905,Station 01,329
1906,Station 22,439
1907,Station 34,47
1908,Station 09,296
1909,Station 08,270
1910,Station 12,352
1911,Station 04,430
1912,Station 28,435
1913,Station 37,80
1914,Station 12,352
1915,Station 19,249
1916,Station 21,350
1917,Station 19,249
1918,Station 09,296
1919,Station 25,276
1920,Station 12,352
1921,Station 06,375
1922,Station 12,352
1923,Station 14,354
1924,Station 24,228
1925,Station 12,352
1926,Station 18,355
1927,Station 22,439
1928,Station 11,250
1929,Station 06,375
1930,Station 03,326
1931,Station 23,177
1932,Station 19,249
1933,Station 09,296
1934,Station 11,250
1935,Station 37,80
1936,Station 28,435
1937,Station 01,329
1938,Station 08,270
1939,Station 33,501
1940,Station 37,80
1941,Station 06,375
1942,Station 06,375
1943,Station 19,249
1944,Station 06,375
1945,Station 12,352
1946,Station 25,276
1947,Station 37,80
1948,Station 09,296
1949,Station 24,228
1950,Station 24,228
1951,Station 28,435
1952,Station 09,296
1953,Station 37,80
1954,Station 19,249
1955,Station 27,318
1956,Station 19,249
1957,Station 05,296
1958,Station 01,329
1959,Station 18,355
1960,Station 40,534
1961,Station 17,223
1962,Station 37,80
1963,Station 08,270
1964,Station 09,296
1965,Station 15,432
1966,Station 09,296
1967,Station 18,355
1968,Station 19,249
1969,Station 09,296
1970,Station 04,430
1971,Station 37,80
1972,Station 24,228
1973,Station 37,80
1974,Station 01,329
1975,Station 04,430
1976,Station 19,249
1977,Station 01,329
1978,Station 27,318
1979,Station 04,430
1980,Station 22,439
1981,Station 01,329
1982,Station 11,250
1983,Station 09,296
1984,Station 12,352
1985,Station 01,329
1986,Station 29,386
1987,Station 25,276
1988,Station 09,296
1989,Station 06,375
1990,Station 11,250
1991,Station 03,326
1992,Station 05,296
1993,Station 12,352
1994,Station 28,435
1995,Station 29,386
1996,Station 09,296
1997,Station 01,329
1998,Station 03,326
1999,Station 19,249
2000,Station 13,224
2001,Station 21,350
2002,Station 18,355
2003,Station 08,270
2004,Station 22,439
2005,Station 14,354
2006,Station 11,250
2007,Station 09,296
2008,Station 17,223
2009,Station 19,249
2010,Station 10,345
2011,Station 28,435
2012,Station 34,47
2013,Station 28,435
2014,Station 12,352
2015,Station 09,296
2016,Station 06,375
2017,Station 12,352
2018,Station 12,352
2019,Station 27,318
2020,Station 20,220
2021,Station 37,80
2022,Station 12,352
2023,Station 07,149
2024,Station 11,250
2025,Station 04,430
2026,Station 20,220
2027,Station 12,352
2028,Station 09,296
2029,Station 09,296
2030,Station 07,149
2031,Station 08,270
2032,Station 24,228
2033,Station 23,177
2034,Station 18,355
2035,Station 21,350
2036,Station 08,270
2037,Station 04,430
2038,Station 07,149
2039,Station 37,80
2040,Station 20,220
2041,Station 09,296
2042,Station 39,362
2043,Station 09,296
2044,Station 12,352
2045,Station 23,177
2046,Station 37,80
2047,Station 20,220
2048,Station 04,430
2049,Station 15,432
2050,Station 28,435
2051,Station 11,250
2052,Station 34,47
2053,Station 15,432
2054,Station 09,296
2055,Station 20,220
2056,Station 03,326
2057,Station 21,350
2058,Station 13,224
2059,Station 29,386
2060,Station 01,329
2061,Station 05,296
2062,Station 12,352
2063,Station 37,80
2064,Station 04,430
2065,Station 17,223
2066,Station 08,270
2067,Station 05,296
2068,Station 03,326
2069,Station 18,355
2070,Station 11,250
2071,Station 09,296
2072,Station 06,375
2073,Station 12,352
2074,Station 33,501
2075,Station 09,296
2076,Station 09,296
2077,Station 28,435
2078,Station 11,250
2079,Station 09,296
2080,Station 19,249
2081,Station 09,296
2082,Station 25,276
2083,Station 09,296
2084,Station 03,326
2085,Station 20,220
2086,Station 19,249
2087,Station 11,250
2088,Station 03,326
2089,Station 25,276
2090,Station 09,296
2091,Station 37,80
2092,Station 21,350
2093,Station 20,220
2094,Station 37,80
2095,Station 03,326
2096,Station 12,352
2097,Station 12,352
2098,Station 09,296
2099,Station 07,149
2100,Station 29,386
2101,Station 21,350
2102,Station 26,452
2103,Station 19,249
2104,Station 28,435
2105,Station 09,296
2106,Station 13,224
2107,Station 13,224
2108,Station 09,296
2109,Station 09,296
2110,Station 25,276
2111,Station 29,386
2112,Station 08,270
2113,Station 04,430
2114,Station 09,296
2115,Station 10,345
2116,Station 07,149
2117,Station 04,430
2118,Station 10,345
2119,Station 20,220
2120,Station 01,329
2121,Station 08,270
2122,Station 33,501
2123,Station 01,329
2124,Station 16,270
2125,Station 37,80
2126,Station 19,249
2127,Station 08,270
2128,Station 08,270
2129,Station 09,296
2130,Station 24,228
2131,Station 15,432
2132,Station 37,80
2133,Station 17,223
2134,Station 20,220
2135,Station 06,375
2136,Station 19,249
2137,Station 16,270
2138,Station 17,223
2139,Station 19,249
2140,Station 12,352
2141,Station 19,249
2142,Station 20,220
2143,Station 34,47
2144,Station 03,326
2145,Station 04,430
2146,Station 12,352
2147,Station 17,223
2148,Station 04,430
2149,Station 28,435
2150,Station 23,177
2151,Station 20,220
2152,Station 11,250
2153,Station 25,276
2154,Station 09,296
2155,Station 12,352
2156,Station 16,270
2157,Station 19,249
2158,Station 25,276
2159,Station 19,249
2160,Station 19,249
2161,Station 09,296
2162,Station 11,250
2163,Station 09,296
2164,Station 08,270
2165,Station 25,276
2166,Station 17,223
2167,Station 33,501
2168,Station 09,296
2169,Station 12,352
2170,Station 09,296
2171,Station 37,80
2172,Station 09,296
2173,Station 12,352
2174,Station 28,435
2175,Station 01,329
2176,Station 15,432
2177,Station 08,270
2178,Station 34,47
2179,Station 09,296
2180,Station 39,362
2181,Station 11,250
2182,Station 28,435
2183,Station 04,430
2184,Station 06,375
2185,Station 28,435
2186,Station 12,352
2187,Station 11,250
2188,Station 25,276
2189,Station 11,250
2190,Station 28,435
2191,Station 12,352
2192,Station 23,177
2193,Station 37,80
2194,Station 06,375
2195,Station 09,296
2196,Station 09,296
2197,Station 01,329
2198,Station 09,296
2199,Station 37,80
2200,Station 37,80
2201,Station 04,430
2202,Station 33,501
2203,Station 04,430
2204,Station 08,270
2205,Station 06,375
2206,Station 29,386
2207,Station 34,47
2208,Station 28,435
2209,Station 19,249
2210,Station 09,296
2211,Station 16,270
2212,Station 06,375
2213,Station 33,501
2214,Station 14,354
2215,Station 15,432
2216,Station 06,375
2217,Station 28,435
2218,Station 11,250
2219,Station 34,47
2220,Station 29,386
2221,Station 28,435
2222,Station 11,250
2223,Station 04,430
2224,Station 19,249
2225,Station 29,386
2226,Station 23,177
2227,Station 07,149
2228,Station 15,432
2229,Station 34,47
2230,Station 09,296
2231,Station 17,223
2232,Station 04,430
2233,Station 39,362
2234,Station 09,296
2235,Station 18,355
2236,Station 03,326
2237,Station 21,350
2238,Station 03,326
2239,Station 12,352
2240,Station 20,220
2241,Station 08,270
2242,Station 21,350
2243,Station 11,250
2244,Station 28,435
2245,Station 33,501
2246,Station 17,223
2247,Station 01,329
2248,Station 28,435
2249,Station 04,430
2250,Station 09,296
2251,Station 21,350
2252,Station 06,375
2253,Station 19,249
2254,Station 21,350
2255,Station 08,270
2256,Station 19,249
2257,Station 37,80
2258,Station 09,296
2259,Station 01,329
2260,Station 17,223
2261,Station 11,250
2262,Station 04,430
2263,Station 37,80
2264,Station 09,296
2265,Station 28,435
2266,Station 28,435
2267,Station 19,249
2268,Station 09,296
2269,Station 01,329
2270,Station 25,276
2271,Station 06,375
2272,Station 08,270
2273,Station 14,354
2274,Station 17,223
2275,Station 05,296
2276,Station 14,354
2277,Station 11,250
2278,Station 09,296
2279,Station 29,386
2280,Station 25,276
2281,Station 24,228
2282,Station 11,250
2283,Station 19,249
2284,Station 04,430
2285,Station 33,501
2286,Station 09,296
2287,Station 29,386
2288,Station 08,270
2289,Station 28,435
2290,Station 11,250
2291,Station 03,326
2292,Station 09,296
2293,Station 08,270
2294,Station 06,375
2295,Station 10,345
2296,Station 28,435
2297,Station 24,228
2298,Station 28,435
2299,Station 09,296
2300,Station 01,329
2301,Station 28,435
2302,Station 12,352
2303,Station 01,329
2304,Station 12,352
2305,Station 23,177
2306,Station 19,249
2307,Station 19,249
2308,Station 23,177
2309,Station 12,352
2310,Station 01,329
2311,Station 09,296
2312,Station 21,350
2313,Station 33,501
2314,Station 37,80
2315,Station 12,352
2316,Station 12,352
2317,Station 19,249
2318,Station 29,386
2319,Station 23,177
2320,Station 17,223
2321,Station 15,432
2322,Station 07,149
2323,Station 11,250
2324,Station 12,352
2325,Station 14,354
2326,Station 14,354
2327,Station 14,354
2328,Station 25,276
2329,Station 06,375
2330,Station 05,296
2331,Station 09,296
2332,Station 19,249
2333,Station 09,296
2334,Station 23,177
2335,Station 33,501
2336,Station 28,435
2337,Station 11,250
2338,Station 11,250
2339,Station 12,352
2340,Station 11,250
2341,Station 25,276
2342,Station 24,228
2343,Station 07,149
2344,Station 05,296
2345,Station 28,435
2346,Station 29,386
2347,Station 09,296
2348,Station 12,352
2349,Station 08,270
2350,Station 19,249
2351,Station 04,430
2352,Station 24,228
2353,Station 22,439
2354,Station 12,352
2355,Station 21,350
2356,Station 18,355
2357,Station 19,249
2358,Station 13,224
2359,Station 28,435
2360,Station 33,501
2361,Station 09,296
2362,Station 13,224
2363,Station 12,352
2364,Station 09,296
2365,Station 06,375
2366,Station 03,326
2367,Station 28,435
2368,Station 08,270
2369,Station 09,296
2370,Station 24,228
2371,Station 14,354
2372,Station 17,223
2373,Station 03,326
2374,Station 29,386
2375,Station 06,375
2376,Station 34,47
2377,Station 24,228
2378,Station 07,149
2379,Station 04,430
2380,Station 21,350
2381,Station 15,432
2382,Station 19,249
2383,Station 12,352
2384,Station 19,249
2385,Station 03,326
2386,Station 01,329
2387,Station 12,352
2388,Station 12,352
2389,Station 09,296
2390,Station 21,350
2391,Station 04,430
2392,Station 17,223
2393,Station 14,354
2394,Station 17,223
2395,Station 11,250
2396,Station 33,501
2397,Station 09,296
2398,Station 28,435
2399,Station 13,224
2400,Station 09,296
2401,Station 21,350
2402,Station 29,386
2403,Station 14,354
2404,Station 09,296
2405,Station 09,296
2406,Station 05,296
2407,Station 15,432
2408,Station 33,501
2409,Station 12,352
2410,Station 09,296
2411,Station 11,250
2412,Station 14,354
2413,Station 08,270
2414,Station 04,430
2415,Station 25,276
2416,Station 11,250
2417,Station 03,326
2418,Station 25,276
2419,Station 09,296
2420,Station 24,228
2421,Station 20,220
2422,Station 12,352
2423,Station 09,296
2424,Station 11,250
2425,Station 09,296
2426,Station 11,250
2427,Station 09,296
2428,Station 08,270
2429,Station 04,430
2430,Station 12,352
2431,Station 21,350
2432,Station 17,223
2433,Station 04,430
2434,Station 09,296
2435,Station 06,375
2436,Station 09,296
2437,Station 28,435
2438,Station 28,435
2439,Station 09,296
2440,Station 09,296
2441,Station 11,250
2442,Station 28,435
2443,Station 16,270
2444,Station 01,329
2445,Station 12,352
2446,Station 28,435
2447,Station 27,318
2448,Station 29,386
2449,Station 34,47
2450,Station 17,223
2451,Station 34,47
2452,Station 09,296
2453,Station 20,220
2454,Station 19,249
2455,Station 09,296
2456,Station 09,296
2457,Station 09,296
2458,Station 04,430
2459,Station 04,430
2460,Station 14,354
2461,Station 23,177
2462,Station 28,435
2463,Station 17,223
2464,Station 09,296
2465,Station 11,250
2466,Station 16,270
2467,Station 21,350
2468,Station 19,249
2469,Station 11,250
2470,Station 04,430
2471,Station 11,250
2472,Station 37,80
2473,Station 27,318
2474,Station 07,149
2475,Station 11,250
2476,Station 08,270
2477,Station 08,270
2478,Station 12,352
2479,Station 17,223
2480,Station 20,220
2481,Station 08,270
2482,Station 18,355
2483,Station 19,249
2484,Station 11,250
2485,Station 12,352
2486,Station 37,80
2487,Station 12,352
2488,Station 19,249
2489,Station 18,355
2490,Station 28,435
2491,Station 18,355
2492,Station 16,270
2493,Station 21,350
2494,Station 11,250
2495,Station 12,352
2496,Station 29,386
2497,Station 09,296
2498,Station 11,250
2499,Station 14,354
2500,Station 21,350
2501,Station 28,435
2502,Station 06,375
2503,Station 28,435
2504,Station 19,249
2505,Station 23,177
2506,Station 17,223
2507,Station 04,430
2508,Station 39,362
2509,Station 16,270
2510,Station 22,439
2511,Station 33,501
2512,Station 18,355
2513,Station 33,501
2514,Station 14,354
2515,Station 06,375
2516,Station 24,228
2517,Station 28,435
2518,Station 29,386
2519,Station 23,177
2520,Station 08,270
2521,Station 01,329
2522,Station 23,177
2523,Station 14,354
2524,Station 20,220
2525,Station 08,270
2526,Station 17,223
2527,Station 18,355
2528,Station 11,250
2529,Station 28,435
2530,Station 08,270
2531,Station 11,250
2532,Station 22,439
2533,Station 20,220
2534,Station 01,329
2535,Station 29,386
2536,Station 08,270
2537,Station 03,326
2538,Station 21,350
2539,Station 09,296
2540,Station 19,249
2541,Station 04,430
2542,Station 37,80
2543,Station 06,375
2544,Station 04,430
2545,Station 05,296
2546,Station 06,375
2547,Station 18,355
2548,Station 11,250
2549,Station 03,326
2550,Station 20,220
2551,Station 19,249
2552,Station 12,352
2553,Station 10,345
2554,Station 12,352
2555,Station 01,329
2556,Station 09,296
2557,Station 27,318
2558,Station 09,296
2559,Station 25,276
2560,Station 21,350
2561,Station 12,352
2562,Station 40,534
2563,Station 19,249
2564,Station 08,270
2565,Station 04,430
2566,Station 28,435
2567,Station 39,362
2568,Station 14,354
2569,Station 09,296
2570,Station 09,296
2571,Station 01,329
2572,Station 37,80
2573,Station 20,220
2574,Station 37,80
2575,Station 07,149
2576,Station 28,435
2577,Station 04,430
2578,Station 14,354
2579,Station 27,318
2580,Station 09,296
2581,Station 04,430
2582,Station 24,228
2583,Station 19,249
2584,Station 06,375
2585,Station 23,177
2586,Station 12,352
2587,Station 11,250
2588,Station 05,296
2589,Station 21,350
2590,Station 04,430
2591,Station 34,47
2592,Station 19,249
2593,Station 03,326
2594,Station 06,375
2595,Station 37,80
2596,Station 11,250
2597,Station 16,270
2598,Station 17,223
2599,Station 19,249
2600,Station 29,386
2601,Station 33,501
2602,Station 25,276
2603,Station 01,329
2604,Station 09,296
2605,Station 09,296
2606,Station 22,439
2607,Station 27,318
2608,Station 04,430
2609,Station 09,296
2610,Station 21,350
2611,Station 11,250
2612,Station 29,386
2613,Station 01,329
2614,Station 11,250
2615,Station 12,352
2616,Station 25,276
2617,Station 04,430
2618,Station 23,177
2619,Station 18,355
2620,Station 19,249
2621,Station 10,345
2622,Station 37,80
2623,Station 17,223
2624,Station 18,355
2625,Station 16,270
2626,Station 37,80
2627,Station 27,318
2628,Station 08,270
2629,Station 12,352
2630,Station 20,220
2631,Station 29,386
2632,Station 28,435
2633,Station 06,375
2634,Station 28,435
2635,Station 08,270
2636,Station 18,355
2637,Station 15,432
2638,Station 21,350
2639,Station 19,249
2640,Station 19,249
2641,Station 09,296
2642,Station 18,355
2643,Station 08,270
2644,Station 06,375
2645,Station 11,250
2646,Station 09,296
2647,Station 09,296
2648,Station 27,318
2649,Station 05,296
2650,Station 12,352
2651,Station 14,354
2652,Station 12,352
2653,Station 06,375
2654,Station 14,354
2655,Station 12,352
2656,Station 21,350
2657,Station 25,276
2658,Station 09,296
2659,Station 08,270
2660,Station 04,430
2661,Station 29,386
2662,Station 20,220
2663,Station 01,329
2664,Station 05,296
2665,Station 28,435
2666,Station 09,296
2667,Station 37,80
2668,Station 23,177
2669,Station 11,250
2670,Station 09,296
2671,Station 24,228
2672,Station 28,435
2673,Station 09,296
2674,Station 04,430
2675,Station 01,329
2676,Station 11,250
2677,Station 37,80
2678,Station 03,326
2679,Station 09,296
2680,Station 37,80
2681,Station 12,352
2682,Station 09,296
2683,Station 12,352
2684,Station 03,326
2685,Station 09,296
2686,Station 34,47
2687,Station 09,296
2688,Station 04,430
2689,Station 24,228
2690,Station 21,350
2691,Station 13,224
2692,Station 13,224
2693,Station 09,296
2694,Station 11,250
2695,Station 16,270
2696,Station 07,149
2697,Station 12,352
2698,Station 25,276
2699,Station 08,270
2700,Station 03,326
2701,Station 09,296
2702,Station 09,296
2703,Station 18,355
2704,Station 04,430
2705,Station 01,329
2706,Station 03,326
2707,Station 09,296
2708,Station 25,276
2709,Station 03,326
2710,Station 11,250
2711,Station 09,296
2712,Station 09,296
2713,Station 17,223
2714,Station 07,149
2715,Station 20,220
2716,Station 09,296
2717,Station 09,296
2718,Station 07,149
2719,Station 09,296
2720,Station 28,435
2721,Station 11,250
2722,Station 16,270
2723,Station 16,270
2724,Station 09,296
2725,Station 20,220
2726,Station 01,329
2727,Station 23,177
2728,Station 01,329
2729,Station 11,250
2730,Station 01,329
2731,Station 11,250
2732,Station 20,220
2733,Station 34,47
2734,Station 09,296
2735,Station 06,375
2736,Station 01,329
2737,Station 11,250
2738,Station 11,250
2739,Station 01,329
2740,Station 11,250
2741,Station 13,224
2742,Station 11,250
2743,Station 34,47
2744,Station 13,224
2745,Station 19,249
2746,Station 23,177
2747,Station 19,249
2748,Station 11,250
2749,Station 18,355
2750,Station 09,296
2751,Station 03,326
2752,Station 01,329
2753,Station 25,276
2754,Station 19,249
2755,Station 11,250
2756,Station 09,296
2757,Station 11,250
2758,Station 11,250
2759,Station 33,501
2760,Station 24,228
2761,Station 09,296
2762,Station 21,350
2763,Station 09,296
2764,Station 09,296
2765,Station 23,177
2766,Station 33,501
2767,Station 15,432
2768,Station 23,177
2769,Station 12,352
2770,Station 19,249
2771,Station 12,352
2772,Station 37,80
2773,Station 23,177
2774,Station 27,318
2775,Station 16,270
2776,Station 28,435
2777,Station 34,47
2778,Station 09,296
2779,Station 20,220
2780,Station 01,329
2781,Station 09,296
2782,Station 28,435
2783,Station 06,375
2784,Station 19,249
2785,Station 37,80
2786,Station 03,326
2787,Station 20,220
2788,Station 12,352
2789,Station 16,270
2790,Station 04,430
2791,Station 17,223
2792,Station 03,326
2793,Station 11,250
2794,Station 37,80
2795,Station 06,375
2796,Station 33,501
2797,Station 28,435
2798,Station 22,439
2799,Station 03,326
2800,Station 01,329
2801,Station 11,250
2802,Station 23,177
2803,Station 28,435
2804,Station 11,250
2805,Station 08,270
2806,Station 09,296
2807,Station 18,355
2808,Station 11,250
2809,Station 14,354
2810,Station 37,80
2811,Station 37,80
2812,Station 06,375
2813,Station 09,296
2814,Station 17,223
2815,Station 34,47
2816,Station 37,80
2817,Station 11,250
2818,Station 37,80
2819,Station 19,249
2820,Station 33,501
2821,Station 11,250
2822,Station 18,355
2823,Station 17,223
2824,Station 13,224
2825,Station 24,228
2826,Station 07,149
2827,Station 22,439
2828,Station 20,220
2829,Station 28,435
2830,Station 11,250
2831,Station 19,249
2832,Station 16,270
2833,Station 03,326
2834,Station 05,296
2835,Station 12,352
2836,Station 12,352
2837,Station 21,350
2838,Station 09,296
2839,Station 21,350
2840,Station 09,296
2841,Station 11,250
2842,Station 23,177
2843,Station 28,435
2844,Station 29,386
2845,Station 28,435
2846,Station 28,435
2847,Station 28,435
2848,Station 03,326
2849,Station 23,177
2850,Station 07,149
2851,Station 14,354
2852,Station 37,80
2853,Station 37,80
2854,Station 34,47
2855,Station 21,350
2856,Station 04,430
2857,Station 20,220
2858,Station 21,350
2859,Station 28,435
2860,Station 12,352
2861,Station 09,296
2862,Station 28,435
2863,Station 20,220
2864,Station 11,250
2865,Station 37,80
2866,Station 21,350
2867,Station 25,276
2868,Station 11,250
2869,Station 23,177
2870,Station 09,296
2871,Station 20,220
2872,Station 19,249
2873,Station 37,80
2874,Station 17,223
2875,Station 12,352
2876,Station 25,276
2877,Station 28,435
2878,Station 19,249
2879,Station 22,439
2880,Station 01,329
2881,Station 14,354
2882,Station 24,228
2883,Station 17,223
2884,Station 01,329
2885,Station 28,435
2886,Station 18,355
2887,Station 10,345
2888,Station 13,224
2889,Station 04,430
2890,Station 01,329
2891,Station 09,296
2892,Station 11,250
2893,Station 09,296
2894,Station 14,354
2895,Station 15,432
2896,Station 17,223
2897,Station 03,326
2898,Station 01,329
2899,Station 09,296
2900,Station 07,149
2901,Station 18,355
2902,Station 01,329
2903,Station 28,435
2904,Station 16,270
2905,Station 11,250
2906,Station 17,223
2907,Station 18,355
2908,Station 03,326
2909,Station 12,352
2910,Station 22,439
2911,Station 09,296
2912,Station 20,220
2913,Station 28,435
2914,Station 09,296
2915,Station 08,270
2916,Station 09,296
2917,Station 25,276
2918,Station 06,375
2919,Station 12,352
2920,Station 28,435
2921,Station 37,80
2922,Station 12,352
2923,Station 19,249
2924,Station 11,250
2925,Station 12,352
2926,Station 09,296
2927,Station 25,276
2928,Station 24,228
2929,Station 19,249
2930,Station 23,177
2931,Station 01,329
2932,Station 15,432
2933,Station 01,329
2934,Station 33,501
2935,Station 14,354
2936,Station 24,228
2937,Station 22,439
2938,Station 01,329
2939,Station 24,228
2940,Station 24,228
2941,Station 20,220
2942,Station 01,329
2943,Station 20,220
2944,Station 09,296
2945,Station 01,329
2946,Station 08,270
2947,Station 05,296
2948,Station 19,249
2949,Station 27,318
2950,Station 07,149
2951,Station 33,501
2952,Station 37,80
2953,Station 09,296
2954,Station 11,250
2955,Station 16,270
2956,Station 33,501
2957,Station 28,435
2958,Station 09,296
2959,Station 04,430
2960,Station 09,296
2961,Station 22,439
2962,Station 09,296
2963,Station 11,250
2964,Station 19,249
2965,Station 24,228
2966,Station 11,250
2967,Station 16,270
2968,Station 08,270
2969,Station 12,352
2970,Station 37,80
2971,Station 01,329
2972,Station 14,354
2973,Station 29,386
2974,Station 18,355
2975,Station 09,296
2976,Station 11,250
2977,Station 12,352
2978,Station 09,296
2979,Station 01,329
2980,Station 12,352
2981,Station 11,250
2982,Station 04,430
2983,Station 11,250
2984,Station 21,350
2985,Station 06,375
2986,Station 01,329
2987,Station 21,350
2988,Station 12,352
2989,Station 29,386
2990,Station 09,296
2991,Station 17,223
2992,Station 21,350
2993,Station 22,439
2994,Station 21,350
2995,Station 33,501
2996,Station 09,296
2997,Station 09,296
2998,Station 19,249
2999,Station 12,352
3000,Station 09,296
3001,Station 06,375
3002,Station 37,80
3003,Station 20,220
3004,Station 10,345
3005,Station 20,220
3006,Station 04,430
3007,Station 06,375
3008,Station 24,228
3009,Station 09,296
3010,Station 01,329
3011,Station 19,249
3012,Station 12,352
3013,Station 11,250
3014,Station 06,375
3015,Station 20,220
3016,Station 37,80
3017,Station 09,296
3018,Station 20,220
3019,Station 14,354
3020,Station 04,430
3021,Station 37,80
3022,Station 10,345
3023,Station 34,47
3024,Station 19,249
3025,Station 05,296
3026,Station 15,432
3027,Station 34,47
3028,Station 09,296
3029,Station 09,296
3030,Station 09,296
3031,Station 09,296
3032,Station 21,350
3033,Station 09,296
3034,Station 39,362
3035,Station 09,296
3036,Station 24,228
3037,Station 22,439
3038,Station 09,296
3039,Station 34,47
3040,Station 09,296
3041,Station 21,350
3042,Station 09,296
3043,Station 09,296
3044,Station 33,501
3045,Station 05,296
3046,Station 09,296
3047,Station 06,375
3048,Station 20,220
3049,Station 09,296
3050,Station 05,296
3051,Station 16,270
3052,Station 09,296
3053,Station 24,228
3054,Station 17,223
3055,Station 01,329
3056,Station 29,386
3057,Station 09,296
3058,Station 04,430
3059,Station 09,296
3060,Station 09,296
3061,Station 09,296
3062,Station 14,354
3063,Station 19,249
3064,Station 01,329
3065,Station 04,430
3066,Station 16,270
3067,Station 19,249
3068,Station 09,296
3069,Station 28,435
3070,Station 04,430
3071,Station 37,80
3072,Station 21,350
3073,Station 04,430
3074,Station 08,270
3075,Station 04,430
3076,Station 18,355
3077,Station 10,345
3078,Station 01,329
3079,Station 05,296
3080,Station 09,296
3081,Station 11,250
3082,Station 06,375
3083,Station 09,296
3084,Station 05,296
3085,Station 24,228
3086,Station 21,350
3087,Station 18,355
3088,Station 34,47
3089,Station 04,430
3090,Station 09,296
3091,Station 33,501
3092,Station 03,326
3093,Station 28,435
3094,Station 19,249
3095,Station 12,352
3096,Station 37,80
3097,Station 19,249
3098,Station 01,329
3099,Station 28,435
3100,Station 12,352
3101,Station 19,249
3102,Station 06,375
3103,Station 37,80
3104,Station 21,350
3105,Station 09,296
3106,Station 06,375
3107,Station 01,329
3108,Station 19,249
3109,Station 28,435
3110,Station 11,250
3111,Station 11,250
3112,Station 27,318
3113,Station 33,501
3114,Station 08,270
3115,Station 12,352
3116,Station 12,352
3117,Station 24,228
3118,Station 09,296
3119,Station 16,270
3120,Station 29,386
3121,Station 09,296
3122,Station 20,220
3123,Station 21,350
3124,Station 16,270
3125,Station 24,228
3126,Station 17,223
3127,Station 12,352
3128,Station 04,430
3129,Station 24,228
3130,Station 11,250
3131,Station 12,352
3132,Station 19,249
3133,Station 19,249
3134,Station 37,80
3135,Station 17,223
3136,Station 21,350
3137,Station 08,270
3138,Station 16,270
3139,Station 25,276
3140,Station 07,149
3141,Station 11,250
3142,Station 01,329
3143,Station 16,270
3144,Station 08,270
3145,Station 11,250
3146,Station 01,329
3147,Station 11,250
3148,Station 11,250
3149,Station 08,270
3150,Station 12,352
3151,Station 08,270
3152,Station 12,352
3153,Station 37,80
3154,Station 28,435
3155,Station 33,501
3156,Station 11,250
3157,Station 11,250
3158,Station 37,80
3159,Station 25,276
3160,Station 01,329
3161,Station 15,432
3162,Station 34,47
3163,Station 12,352
3164,Station 01,329
3165,Station 28,435
3166,Station 14,354
3167,Station 22,439
3168,Station 37,80
3169,Station 17,223
3170,Station 04,430
3171,Station 18,355
3172,Station 09,296
3173,Station 09,296
3174,Station 03,326
3175,Station 12,352
3176,Station 11,250
3177,Station 20,220
3178,Station 01,329
3179,Station 08,270
3180,Station 17,223
3181,Station 07,149
3182,Station 09,296
3183,Station 21,350
3184,Station 04,430
3185,Station 08,270
3186,Station 01,329
3187,Station 08,270
3188,Station 31,417
3189,Station 10,345
3190,Station 37,80
3191,Station 33,501
3192,Station 08,270
3193,Station 07,149
3194,Station 06,375
3195,Station 13,224
3196,Station 37,80
3197,Station 37,80
3198,Station 23,177
3199,Station 09,296
3200,Station 39,362
3201,Station 11,250
3202,Station 08,270
3203,Station 09,296
3204,Station 03,326
3205,Station 01,329
3206,Station 12,352
3207,Station 19,249
3208,Station 22,439
3209,Station 14,354
3210,Station 22,439
3211,Station 24,228
3212,Station 12,352
3213,Station 21,350
3214,Station 09,296
3215,Station 01,329
3216,Station 09,296
3217,Station 17,223
3218,Station 09,296
3219,Station 11,250
3220,Station 24,228
3221,Station 12,352
3222,Station 18,355
3223,Station 25,276
3224,Station 03,326
3225,Station 15,432
3226,Station 09,296
3227,Station 04,430
3228,Station 22,439
3229,Station 27,318
3230,Station 09,296
3231,Station 28,435
3232,Station 12,352
3233,Station 17,223
3234,Station 39,362
3235,Station 37,80
3236,Station 08,270
3237,Station 14,354
3238,Station 33,501
3239,Station 27,318
3240,Station 04,430
3241,Station 11,250
3242,Station 33,501
3243,Station 01,329
3244,Station 03,326
3245,Station 06,375
3246,Station 14,354
3247,Station 09,296
3248,Station 06,375
3249,Station 04,430
3250,Station 09,296
3251,Station 22,439
3252,Station 12,352
3253,Station 09,296
3254,Station 12,352
3255,Station 09,296
3256,Station 28,435
3257,Station 08,270
3258,Station 21,350
3259,Station 11,250
3260,Station 09,296
3261,Station 04,430
3262,Station 11,250
3263,Station 08,270
3264,Station 11,250
3265,Station 27,318
3266,Station 01,329
3267,Station 28,435
3268,Station 10,345
3269,Station 29,386
3270,Station 24,228
3271,Station 11,250
3272,Station 28,435
3273,Station 06,375
3274,Station 01,329
3275,Station 12,352
3276,Station 14,354
3277,Station 21,350
3278,Station 12,352
3279,Station 28,435
3280,Station 09,296
3281,Station 09,296
3282,Station 11,250
3283,Station 03,326
3284,Station 28,435
3285,Station 09,296
3286,Station 28,435
3287,Station 28,435
3288,Station 08,270
3289,Station 19,249
3290,Station 04,430
3291,Station 09,296
3292,Station 09,296
3293,Station 17,223
3294,Station 08,270
3295,Station 11,250
3296,Station 05,296
3297,Station 06,375
3298,Station 11,250
3299,Station 19,249
3300,Station 03,326
3301,Station 08,270
3302,Station 08,270
3303,Station 18,355
3304,Station 09,296
3305,Station 16,270
3306,Station 19,249
3307,Station 19,249
3308,Station 33,501
3309,Station 33,501
3310,Station 23,177
3311,Station 20,220
3312,Station 08,270
3313,Station 07,149
3314,Station 23,177
3315,Station 19,249
3316,Station 09,296
3317,Station 28,435
3318,Station 04,430
3319,Station 10,345
3320,Station 09,296
3321,Station 12,352
3322,Station 19,249
3323,Station 11,250
3324,Station 34,47
3325,Station 11,250
3326,Station 05,296
3327,Station 09,296
3328,Station 11,250
3329,Station 09,296
3330,Station 09,296
3331,Station 09,296
3332,Station 03,326
3333,Station 06,375
3334,Station 18,355
3335,Station 05,296
3336,Station 04,430
3337,Station 15,432
3338,Station 04,430
3339,Station 12,352
3340,Station 09,296
3341,Station 21,350
3342,Station 03,326
3343,Station 01,329
3344,Station 11,250
3345,Station 33,501
3346,Station 34,47
3347,Station 01,329
3348,Station 08,270
3349,Station 08,270
3350,Station 11,250
3351,Station 06,375
3352,Station 08,270
3353,Station 37,80
3354,Station 24,228
3355,Station 06,375
3356,Station 19,249
3357,Station 11,250
3358,Station 01,329
3359,Station 20,220
3360,Station 06,375
3361,Station 12,352
3362,Station 08,270
3363,Station 09,296
3364,Station 09,296
3365,Station 09,296
3366,Station 14,354
3367,Station 09,296
3368,Station 19,249
3369,Station 11,250
3370,Station 09,296
3371,Station 28,435
3372,Station 09,296
3373,Station 11,250
3374,Station 03,326
3375,Station 21,350
3376,Station 24,228
3377,Station 28,435
3378,Station 19,249
3379,Station 01,329
3380,Station 07,149
3381,Station 25,276
3382,Station 19,249
3383,Station 01,329
3384,Station 18,355
3385,Station 08,270
3386,Station 06,375
3387,Station 20,220
3388,Station 18,355
3389,Station 04,430
3390,Station 09,296
3391,Station 09,296
3392,Station 21,350
3393,Station 19,249
3394,Station 08,270
3395,Station 16,270
3396,Station 37,80
3397,Station 04,430
3398,Station 04,430
3399,Station 29,386
3400,Station 09,296
3401,Station 08,270
3402,Station 37,80
3403,Station 11,250
3404,Station 09,296
3405,Station 09,296
3406,Station 08,270
3407,Station 12,352
3408,Station 09,296
3409,Station 25,276
3410,Station 09,296
3411,Station 19,249
3412,Station 16,270
3413,Station 25,276
3414,Station 37,80
3415,Station 09,296
3416,Station 16,270
3417,Station 09,296
3418,Station 06,375
3419,Station 08,270
3420,Station 09,296
3421,Station 04,430
3422,Station 06,375
3423,Station 08,270
3424,Station 08,270
3425,Station 11,250
3426,Station 04,430
3427,Station 04,430
3428,Station 28,435
3429,Station 11,250
3430,Station 09,296
3431,Station 09,296
3432,Station 06,375
3433,Station 19,249
3434,Station 19,249
3435,Station 06,375
3436,Station 01,329
3437,Station 18,355
3438,Station 28,435
3439,Station 11,250
3440,Station 19,249
3441,Station 09,296
3442,Station 14,354
3443,Station 37,80
3444,Station 12,352
3445,Station 09,296
3446,Station 09,296
3447,Station 09,296
3448,Station 28,435
3449,Station 20,220
3450,Station 14,354
3451,Station 18,355
3452,Station 09,296
3453,Station 37,80
3454,Station 08,270
3455,Station 04,430
3456,Station 17,223
3457,Station 24,228
3458,Station 06,375
3459,Station 14,354
3460,Station 24,228
3461,Station 11,250
3462,Station 12,352
3463,Station 06,375
3464,Station 09,296
3465,Station 12,352
3466,Station 06,375
3467,Station 28,435
3468,Station 23,177
3469,Station 09,296
3470,Station 09,296
3471,Station 12,352
3472,Station 12,352
3473,Station 28,435
3474,Station 06,375
3475,Station 09,296
3476,Station 07,149
3477,Station 11,250
3478,Station 13,224
3479,Station 18,355
3480,Station 24,228
3481,Station 14,354
3482,Station 09,296
3483,Station 11,250
3484,Station 19,249
3485,Station 16,270
3486,Station 01,329
3487,Station 37,80
3488,Station 12,352
3489,Station 09,296
3490,Station 34,47
3491,Station 04,430
3492,Station 37,80
3493,Station 12,352
3494,Station 21,350
3495,Station 21,350
3496,Station 25,276
3497,Station 16,270
3498,Station 01,329
3499,Station 09,296
3500,Station 09,296
3501,Station 09,296
3502,Station 17,223
3503,Station 05,296
3504,Station 34,47
3505,Station 12,352
3506,Station 21,350
3507,Station 04,430
3508,Station 11,250
3509,Station 06,375
3510,Station 28,435
3511,Station 09,296
3512,Station 07,149
3513,Station 22,439
3514,Station 25,276
3515,Station 09,296
3516,Station 34,47
3517,Station 10,345
3518,Station 18,355
3519,Station 21,350
3520,Station 05,296
3521,Station 15,432
3522,Station 16,270
3523,Station 21,350
3524,Station 01,329
3525,Station 09,296
3526,Station 33,501
3527,Station 19,249
3528,Station 16,270
3529,Station 11,250
3530,Station 28,435
3531,Station 23,177
3532,Station 19,249
3533,Station 25,276
3534,Station 10,345
3535,Station 28,435
3536,Station 19,249
3537,Station 09,296
3538,Station 01,329
3539,Station 11,250
3540,Station 11,250
3541,Station 22,439
3542,Station 06,375
3543,Station 08,270
3544,Station 07,149
3545,Station 15,432
3546,Station 18,355
3547,Station 09,296
3548,Station 01,329
3549,Station 37,80
3550,Station 16,270
3551,Station 09,296
3552,Station 04,430
3553,Station 06,375
3554,Station 09,296
3555,Station 12,352
3556,Station 16,270
3557,Station 11,250
3558,Station 08,270
3559,Station 01,329
3560,Station 09,296
3561,Station 37,80
3562,Station 24,228
3563,Station 24,228
3564,Station 14,354
3565,Station 24,228
3566,Station 04,430
3567,Station 01,329
3568,Station 24,228
3569,Station 11,250
3570,Station 37,80
3571,Station 07,149
3572,Station 06,375
3573,Station 23,177
3574,Station 10,345
3575,Station 18,355
3576,Station 06,375
3577,Station 21,350
3578,Station 11,250
3579,Station 09,296
3580,Station 03,326
3581,Station 12,352
3582,Station 29,386
3583,Station 14,354
3584,Station 28,435
3585,Station 07,149
3586,Station 09,296
3587,Station 06,375
3588,Station 18,355
3589,Station 06,375
3590,Station 12,352
3591,Station 19,249
3592,Station 37,80
3593,Station 18,355
3594,Station 10,345
3595,Station 13,224
3596,Station 04,430
3597,Station 09,296
3598,Station 04,430
3599,Station 18,355
3600,Station 12,352
3601,Station 06,375
3602,Station 28,435
3603,Station 06,375
3604,Station 04,430
3605,Station 37,80
3606,Station 17,223
3607,Station 19,249
3608,Station 12,352
3609,Station 28,435
3610,Station 01,329
3611,Station 12,352
3612,Station 33,501
3613,Station 23,177
3614,Station 25,276
3615,Station 12,352
3616,Station 37,80
3617,Station 21,350
3618,Station 19,249
3619,Station 03,326
3620,Station 28,435
3621,Station 20,220
3622,Station 06,375
3623,Station 06,375
3624,Station 25,276
3625,Station 28,435
3626,Station 19,249
3627,Station 07,149
3628,Station 12,352
3629,Station 24,228
3630,Station 19,249
3631,Station 37,80
3632,Station 21,350
3633,Station 04,430
3634,Station 04,430
3635,Station 09,296
3636,Station 11,250
3637,Station 25,276
3638,Station 14,354
3639,Station 19,249
3640,Station 20,220
3641,Station 11,250
3642,Station 20,220
3643,Station 08,270
3644,Station 14,354
3645,Station 06,375
3646,Station 12,352
3647,Station 21,350
3648,Station 05,296
3649,Station 24,228
3650,Station 09,296
3651,Station 09,296
3652,Station 17,223
3653,Station 27,318
3654,Station 27,318
3655,Station 12,352
3656,Station 14,354
3657,Station 09,296
3658,Station 37,80
3659,Station 19,249
3660,Station 11,250
3661,Station 11,250
3662,Station 11,250
3663,Station 01,329
3664,Station 09,296
3665,Station 06,375
3666,Station 12,352
3667,Station 11,250
3668,Station 09,296
3669,Station 12,352
3670,Station 09,296
3671,Station 09,296
3672,Station 19,249
3673,Station 05,296
3674,Station 12,352
3675,Station 11,250
3676,Station 11,250
3677,Station 12,352
3678,Station 07,149
3679,Station 09,296
3680,Station 14,354
3681,Station 09,296
3682,Station 09,296
3683,Station 24,228
3684,Station 19,249
3685,Station 01,329
3686,Station 33,501
3687,Station 11,250
3688,Station 19,249
3689,Station 09,296
3690,Station 12,352
3691,Station 27,318
3692,Station 14,354
3693,Station 08,270
3694,Station 25,276
3695,Station 09,296
3696,Station 09,296
3697,Station 09,296
3698,Station 24,228
3699,Station 37,80
3700,Station 28,435
3701,Station 09,296
3702,Station 28,435
3703,Station 18,355
3704,Station 37,80
3705,Station 20,220
3706,Station 18,355
3707,Station 09,296
3708,Station 33,501
3709,Station 37,80
3710,Station 05,296
3711,Station 12,352
3712,Station 17,223
3713,Station 12,352
3714,Station 05,296
3715,Station 09,296
3716,Station 09,296
3717,Station 09,296
3718,Station 12,352
3719,Station 19,249
3720,Station 12,352
3721,Station 20,220
3722,Station 39,362
3723,Station 08,270
3724,Station 25,276
3725,Station 26,452
3726,Station 39,362
3727,Station 06,375
3728,Station 11,250
3729,Station 09,296
3730,Station 21,350
3731,Station 19,249
3732,Station 03,326
3733,Station 01,329
3734,Station 28,435
3735,Station 07,149
3736,Station 34,47
3737,Station 12,352
3738,Station 28,435
3739,Station 19,249
3740,Station 21,350
3741,Station 33,501
3742,Station 17,223
3743,Station 09,296
3744,Station 06,375
3745,Station 23,177
3746,Station 28,435
3747,Station 08,270
3748,Station 21,350
3749,Station 34,47
3750,Station 27,318
3751,Station 33,501
3752,Station 19,249
3753,Station 28,435
3754,Station 17,223
3755,Station 08,270
3756,Station 07,149
3757,Station 09,296
3758,Station 04,430
3759,Station 27,318
3760,Station 15,432
3761,Station 06,375
3762,Station 26,452
3763,Station 12,352
3764,Station 17,223
3765,Station 11,250
3766,Station 08,270
3767,Station 19,249
3768,Station 07,149
3769,Station 14,354
3770,Station 06,375
3771,Station 17,223
3772,Station 11,250
3773,Station 21,350
3774,Station 37,80
3775,Station 09,296
3776,Station 33,501
3777,Station 01,329
3778,Station 28,435
3779,Station 29,386
3780,Station 08,270
3781,Station 04,430
3782,Station 37,80
3783,Station 34,47
3784,Station 11,250
3785,Station 21,350
3786,Station 08,270
3787,Station 14,354
3788,Station 37,80
3789,Station 23,177
3790,Station 28,435
3791,Station 20,220
3792,Station 33,501
3793,Station 19,249
3794,Station 16,270
3795,Station 20,220
3796,Station 08,270
3797,Station 18,355
3798,Station 08,270
3799,Station 29,386
3800,Station 23,177
3801,Station 21,350
3802,Station 21,350
3803,Station 21,350
3804,Station 16,270
3805,Station 14,354
3806,Station 28,435
3807,Station 11,250
3808,Station 09,296
3809,Station 08,270
3810,Station 08,270
3811,Station 19,249
3812,Station 21,350
3813,Station 03,326
3814,Station 06,375
3815,Station 23,177
3816,Station 12,352
3817,Station 08,270
3818,Station 06,375
3819,Station 14,354
3820,Station 09,296
3821,Station 21,350
3822,Station 14,354
3823,Station 22,439
3824,Station 21,350
3825,Station 06,375
3826,Station 09,296
3827,Station 12,352
3828,Station 09,296
3829,Station 04,430
3830,Station 11,250
3831,Station 22,439
3832,Station 18,355
3833,Station 17,223
3834,Station 09,296
3835,Station 01,329
3836,Station 12,352
3837,Station 37,80
3838,Station 20,220
3839,Station 15,432
3840,Station 04,430
3841,Station 09,296
3842,Station 37,80
3843,Station 09,296
3844,Station 27,318
3845,Station 05,296
3846,Station 12,352
3847,Station 23,177
3848,Station 08,270
3849,Station 09,296
3850,Station 08,270
3851,Station 11,250
3852,Station 29,386
3853,Station 06,375
3854,Station 07,149
3855,Station 15,432
3856,Station 21,350
3857,Station 23,177
3858,Station 20,220
3859,Station 29,386
3860,Station 09,296
3861,Station 11,250
3862,Station 05,296
3863,Station 11,250
3864,Station 20,220
3865,Station 12,352
3866,Station 13,224
3867,Station 37,80
3868,Station 18,355
3869,Station 09,296
3870,Station 28,435
3871,Station 08,270
3872,Station 03,326
3873,Station 19,249
3874,Station 08,270
3875,Station 01,329
3876,Station 17,223
3877,Station 09,296
3878,Station 09,296
3879,Station 19,249
3880,Station 17,223
3881,Station 05,296
3882,Station 11,250
3883,Station 08,270
3884,Station 11,250
3885,Station 09,296
3886,Station 22,439
3887,Station 28,435
3888,Station 15,432
3889,Station 34,47
3890,Station 20,220
3891,Station 24,228
3892,Station 09,296
3893,Station 14,354
3894,Station 08,270
3895,Station 15,432
3896,Station 29,386
3897,Station 20,220
3898,Station 09,296
3899,Station 09,296
3900,Station 24,228
3901,Station 23,177
3902,Station 16,270
3903,Station 22,439
3904,Station 37,80
3905,Station 09,296
3906,Station 37,80
3907,Station 09,296
3908,Station 24,228
3909,Station 04,430
3910,Station 14,354
3911,Station 34,47
3912,Station 14,354
3913,Station 17,223
3914,Station 09,296
3915,Station 09,296
3916,Station 34,47
3917,Station 21,350
3918,Station 11,250
3919,Station 14,354
3920,Station 17,223
3921,Station 05,296
3922,Station 37,80
3923,Station 17,223
3924,Station 19,249
3925,Station 37,80
3926,Station 37,80
3927,Station 09,296
3928,Station 03,326
3929,Station 03,326
3930,Station 06,375
3931,Station 12,352
3932,Station 09,296
3933,Station 18,355
3934,Station 34,47
3935,Station 33,501
3936,Station 33,501
3937,Station 06,375
3938,Station 37,80
3939,Station 37,80
3940,Station 28,435
3941,Station 01,329
3942,Station 07,149
3943,Station 09,296
3944,Station 01,329
3945,Station 11,250
3946,Station 01,329
3947,Station 04,430
3948,Station 33,501
3949,Station 06,375
3950,Station 09,296
3951,Station 08,270
3952,Station 09,296
3953,Station 09,296
3954,Station 19,249
3955,Station 01,329
3956,Station 18,355
3957,Station 03,326
3958,Station 15,432
3959,Station 15,432
3960,Station 37,80
3961,Station 06,375
3962,Station 18,355
3963,Station 10,345
3964,Station 19,249
3965,Station 14,354
3966,Station 03,326
3967,Station 03,326
3968,Station 21,350
3969,Station 11,250
3970,Station 08,270
3971,Station 33,501
3972,Station 21,350
3973,Station 37,80
3974,Station 13,224
3975,Station 21,350
3976,Station 09,296
3977,Station 08,270
3978,Station 12,352
3979,Station 04,430
3980,Station 11,250
3981,Station 09,296
3982,Station 09,296
3983,Station 04,430
3984,Station 34,47
3985,Station 19,249
3986,Station 04,430
3987,Station 11,250
3988,Station 12,352
3989,Station 09,296
3990,Station 03,326
3991,Station 33,501
3992,Station 16,270
3993,Station 21,350
3994,Station 07,149
3995,Station 28,435
3996,Station 01,329
3997,Station 24,228
3998,Station 11,250
3999,Station 37,80
4000,Station 06,375
4001,Station 19,249
4002,Station 11,250
4003,Station 09,296
4004,Station 09,296
4005,Station 11,250
4006,Station 14,354
4007,Station 16,270
4008,Station 19,249
4009,Station 21,350
4010,Station 01,329
4011,Station 06,375
4012,Station 37,80
4013,Station 09,296
4014,Station 12,352
4015,Station 09,296
4016,Station 20,220
4017,Station 19,249
4018,Station 09,296
4019,Station 09,296
4020,Station 22,439
4021,Station 12,352
4022,Station 05,296
4023,Station 33,501
4024,Station 09,296
4025,Station 03,326
4026,Station 09,296
4027,Station 09,296
4028,Station 12,352
4029,Station 33,501
4030,Station 17,223
4031,Station 19,249
4032,Station 29,386
4033,Station 06,375
4034,Station 19,249
4035,Station 33,501
4036,Station 07,149
4037,Station 23,177
4038,Station 04,430
4039,Station 17,223
4040,Station 21,350
4041,Station 28,435
4042,Station 28,435
4043,Station 03,326
4044,Station 17,223
4045,Station 14,354
4046,Station 24,228
4047,Station 06,375
4048,Station 12,352
4049,Station 28,435
4050,Station 08,270
4051,Station 13,224
4052,Station 08,270
4053,Station 08,270
4054,Station 27,318
4055,Station 37,80
4056,Station 03,326
4057,Station 08,270
4058,Station 11,250
4059,Station 29,386
4060,Station 13,224
4061,Station 06,375
4062,Station 12,352
4063,Station 19,249
4064,Station 12,352
4065,Station 21,350
4066,Station 06,375
4067,Station 17,223
4068,Station 05,296
4069,Station 37,80
4070,Station 24,228
4071,Station 04,430
4072,Station 11,250
4073,Station 09,296
4074,Station 16,270
4075,Station 01,329
4076,Station 05,296
4077,Station 16,270
4078,Station 08,270
4079,Station 28,435
4080,Station 13,224
4081,Station 01,329
4082,Station 21,350
4083,Station 28,435
4084,Station 03,326
4085,Station 04,430
4086,Station 12,352
4087,Station 23,177
4088,Station 21,350
4089,Station 37,80
4090,Station 04,430
4091,Station 04,430
4092,Station 11,250
4093,Station 12,352
4094,Station 19,249
4095,Station 25,276
4096,Station 11,250
4097,Station 24,228
4098,Station 24,228
4099,Station 08,270
4100,Station 01,329
4101,Station 37,80
4102,Station 26,452
4103,Station 06,375
4104,Station 04,430
4105,Station 23,177
4106,Station 17,223
4107,Station 08,270
4108,Station 33,501
4109,Station 24,228
4110,Station 13,224
4111,Station 12,352
4112,Station 07,149
4113,Station 23,177
4114,Station 14,354
4115,Station 17,223
4116,Station 33,501
4117,Station 33,501
4118,Station 21,350
4119,Station 23,177
4120,Station 09,296
4121,Station 28,435
4122,Station 29,386
4123,Station 12,352
4124,Station 16,270
4125,Station 11,250
4126,Station 19,249
4127,Station 04,430
4128,Station 08,270
4129,Station 37,80
4130,Station 29,386
4131,Station 12,352
4132,Station 08,270
4133,Station 37,80
4134,Station 23,177
4135,Station 24,228
4136,Station 11,250
4137,Station 23,177
4138,Station 33,501
4139,Station 26,452
4140,Station 06,375
4141,Station 01,329
4142,Station 26,452
4143,Station 24,228
4144,Station 15,432
4145,Station 10,345
4146,Station 01,329
4147,Station 22,439
4148,Station 23,177
4149,Station 07,149
4150,Station 06,375
4151,Station 19,249
4152,Station 08,270
4153,Station 04,430
4154,Station 03,326
4155,Station 33,501
4156,Station 04,430
4157,Station 19,249
4158,Station 20,220
4159,Station 19,249
4160,Station 37,80
4161,Station 12,352
4162,Station 11,250
4163,Station 12,352
4164,Station 20,220
4165,Station 29,386
4166,Station 37,80
4167,Station 08,270
4168,Station 06,375
4169,Station 21,350
4170,Station 12,352
4171,Station 04,430
4172,Station 04,430
4173,Station 23,177
4174,Station 04,430
4175,Station 12,352
4176,Station 13,224
4177,Station 39,362
4178,Station 06,375
4179,Station 17,223
4180,Station 11,250
4181,Station 08,270
4182,Station 01,329
4183,Station 01,329
4184,Station 15,432
4185,Station 18,355
4186,Station 19,249
4187,Station 01,329
4188,Station 25,276
4189,Station 03,326
4190,Station 06,375
4191,Station 12,352
4192,Station 15,432
4193,Station 19,249
4194,Station 06,375
4195,Station 01,329
4196,Station 15,432
4197,Station 37,80
4198,Station 11,250
4199,Station 11,250
4200,Station 24,228
4201,Station 21,350
4202,Station 09,296
4203,Station 24,228
4204,Station 19,249
4205,Station 09,296
4206,Station 25,276
4207,Station 09,296
4208,Station 04,430
4209,Station 22,439
4210,Station 23,177
4211,Station 12,352
4212,Station 33,501
4213,Station 25,276
4214,Station 06,375
4215,Station 11,250
4216,Station 28,435
4217,Station 09,296
4218,Station 09,296
4219,Station 03,326
4220,Station 12,352
4221,Station 09,296
4222,Station 09,296
4223,Station 21,350
4224,Station 01,329
4225,Station 09,296
4226,Station 28,435
4227,Station 37,80
4228,Station 23,177
4229,Station 12,352
4230,Station 16,270
4231,Station 25,276
4232,Station 28,435
4233,Station 09,296
4234,Station 09,296
4235,Station 15,432
4236,Station 24,228
4237,Station 04,430
4238,Station 17,223
4239,Station 14,354
4240,Station 19,249
4241,Station 11,250
4242,Station 18,355
4243,Station 28,435
4244,Station 18,355
4245,Station 37,80
4246,Station 21,350
4247,Station 16,270
4248,Station 06,375
4249,Station 01,329
4250,Station 12,352
4251,Station 27,318
4252,Station 14,354
4253,Station 03,326
4254,Station 06,375
4255,Station 01,329
4256,Station 09,296
4257,Station 19,249
4258,Station 21,350
4259,Station 19,249
4260,Station 28,435
4261,Station 24,228
4262,Station 09,296
4263,Station 28,435
4264,Station 37,80
4265,Station 13,224
4266,Station 09,296
4267,Station 25,276
4268,Station 21,350
4269,Station 33,501
4270,Station 19,249
4271,Station 22,439
4272,Station 08,270
4273,Station 37,80
4274,Station 18,355
4275,Station 19,249
4276,Station 11,250
4277,Station 11,250
4278,Station 12,352
4279,Station 09,296
4280,Station 24,228
4281,Station 12,352
4282,Station 08,270
4283,Station 12,352
4284,Station 09,296
4285,Station 21,350
4286,Station 04,430
4287,Station 01,329
4288,Station 09,296
4289,Station 06,375
4290,Station 08,270
4291,Station 09,296
4292,Station 14,354
4293,Station 16,270
4294,Station 04,430
4295,Station 11,250
4296,Station 24,228
4297,Station 09,296
4298,Station 04,430
4299,Station 06,375
4300,Station 10,345
4301,Station 12,352
4302,Station 04,430
4303,Station 09,296
4304,Station 19,249
4305,Station 39,362
4306,Station 33,501
4307,Station 37,80
4308,Station 25,276
4309,Station 19,249
4310,Station 14,354
4311,Station 08,270
4312,Station 12,352
4313,Station 24,228
4314,Station 05,296
4315,Station 09,296
4316,Station 08,270
4317,Station 37,80
4318,Station 09,296
4319,Station 09,296
4320,Station 12,352
4321,Station 09,296
4322,Station 09,296
4323,Station 09,296
4324,Station 04,430
4325,Station 25,276
4326,Station 19,249
4327,Station 14,354
4328,Station 09,296
4329,Station 11,250
4330,Station 14,354
4331,Station 09,296
4332,Station 09,296
4333,Station 12,352
4334,Station 12,352
4335,Station 08,270
4336,Station 25,276
4337,Station 14,354
4338,Station 11,250
4339,Station 12,352
4340,Station 15,432
4341,Station 04,430
4342,Station 01,329
4343,Station 09,296
4344,Station 04,430
4345,Station 23,177
4346,Station 18,355
4347,Station 01,329
4348,Station 09,296
4349,Station 34,47
4350,Station 12,352
4351,Station 01,329
4352,Station 01,329
4353,Station 03,326
4354,Station 11,250
4355,Station 01,329
4356,Station 09,296
4357,Station 12,352
4358,Station 12,352
4359,Station 09,296
4360,Station 25,276
4361,Station 11,250
4362,Station 20,220
4363,Station 07,149
4364,Station 14,354
4365,Station 34,47
4366,Station 27,318
4367,Station 25,276
4368,Station 09,296
4369,Station 33,501
4370,Station 34,47
4371,Station 21,350
4372,Station 09,296
4373,Station 37,80
4374,Station 08,270
4375,Station 15,432
4376,Station 21,350
4377,Station 11,250
4378,Station 23,177
4379,Station 27,318
4380,Station 06,375
4381,Station 33,501
4382,Station 27,318
4383,Station 11,250
4384,Station 05,296
4385,Station 37,80
4386,Station 07,149
4387,Station 34,47
4388,Station 03,326
4389,Station 09,296
4390,Station 04,430
4391,Station 14,354
4392,Station 19,249
4393,Station 23,177
4394,Station 12,352
4395,Station 09,296
4396,Station 10,345
4397,Station 27,318
4398,Station 29,386
4399,Station 04,430
4400,Station 28,435
4401,Station 09,296
4402,Station 11,250
4403,Station 20,220
4404,Station 09,296
4405,Station 28,435
4406,Station 12,352
4407,Station 15,432
4408,Station 18,355
4409,Station 10,345
4410,Station 14,354
4411,Station 23,177
4412,Station 08,270
4413,Station 08,270
4414,Station 19,249
4415,Station 09,296
4416,Station 20,220
4417,Station 09,296
4418,Station 06,375
4419,Station 19,249
4420,Station 01,329
4421,Station 12,352
4422,Station 03,326
4423,Station 13,224
4424,Station 08,270
4425,Station 19,249
4426,Station 21,350
4427,Station 21,350
4428,Station 01,329
4429,Station 33,501
4430,Station 06,375
4431,Station 12,352
4432,Station 28,435
4433,Station 08,270
4434,Station 06,375
4435,Station 03,326
4436,Station 17,223
4437,Station 17,223
4438,Station 11,250
4439,Station 15,432
4440,Station 34,47
4441,Station 20,220
4442,Station 19,249
4443,Station 17,223
4444,Station 18,355
4445,Station 21,350
4446,Station 12,352
4447,Station 17,223
4448,Station 12,352
4449,Station 09,296
4450,Station 03,326
4451,Station 18,355
4452,Station 34,47
4453,Station 17,223
4454,Station 21,350
4455,Station 27,318
4456,Station 19,249
4457,Station 16,270
4458,Station 28,435
4459,Station 11,250
4460,Station 34,47
4461,Station 09,296
4462,Station 20,220
4463,Station 19,249
4464,Station 11,250
4465,Station 21,350
4466,Station 19,249
4467,Station 25,276
4468,Station 17,223
4469,Station 17,223
4470,Station 17,223
4471,Station 03,326
4472,Station 19,249
4473,Station 04,430
4474,Station 19,249
4475,Station 04,430
4476,Station 17,223
4477,Station 15,432
4478,Station 09,296
4479,Station 09,296
4480,Station 20,220
4481,Station 06,375
4482,Station 26,452
4483,Station 11,250
4484,Station 33,501
4485,Station 19,249
4486,Station 33,501
4487,Station 37,80
4488,Station 06,375
4489,Station 15,432
4490,Station 09,296
4491,Station 12,352
4492,Station 04,430
4493,Station 09,296
4494,Station 15,432
4495,Station 06,375
4496,Station 15,432
4497,Station 07,149
4498,Station 12,352
4499,Station 24,228
4500,Station 20,220
4501,Station 12,352
4502,Station 11,250
4503,Station 37,80
4504,Station 12,352
4505,Station 29,386
4506,Station 28,435
4507,Station 21,350
4508,Station 37,80
4509,Station 08,270
4510,Station 19,249
4511,Station 16,270
4512,Station 25,276
4513,Station 37,80
4514,Station 37,80
4515,Station 12,352
4516,Station 18,355
4517,Station 03,326
4518,Station 11,250
4519,Station 01,329
4520,Station 33,501
4521,Station 24,228
4522,Station 24,228
4523,Station 21,350
4524,Station 18,355
4525,Station 37,80
4526,Station 09,296
4527,Station 25,276
4528,Station 21,350
4529,Station 11,250
4530,Station 29,386
4531,Station 11,250
4532,Station 16,270
4533,Station 20,220
4534,Station 22,439
4535,Station 22,439
4536,Station 19,249
4537,Station 25,276
4538,Station 14,354
4539,Station 12,352
4540,Station 21,350
4541,Station 09,296
4542,Station 11,250
4543,Station 12,352
4544,Station 06,375
4545,Station 08,270
4546,Station 24,228
4547,Station 11,250
4548,Station 09,296
4549,Station 05,296
4550,Station 24,228
4551,Station 10,345
4552,Station 37,80
4553,Station 09,296
4554,Station 11,250
4555,Station 03,326
4556,Station 27,318
4557,Station 01,329
4558,Station 13,224
4559,Station 20,220
4560,Station 11,250
4561,Station 28,435
4562,Station 19,249
4563,Station 37,80
4564,Station 24,228
4565,Station 19,249
4566,Station 25,276
